date,split,y_true,y_pred
2020-01-30,val,-0.017847322071101956,0.0046098065
2020-01-31,val,0.004830318082637675,0.0045080837
2020-02-01,val,-0.006060857917459472,0.0034886207
2020-02-02,val,-0.004623747553726076,0.0034571346
2020-02-03,val,-0.01259557270962297,0.002590524
2020-02-04,val,0.047882872181766345,0.0020594466
2020-02-05,val,0.015399107917906107,0.0011410248
2020-02-06,val,0.004602722541809712,0.0004369393
2020-02-07,val,0.009900814834384875,-0.00048534386
2020-02-08,val,0.026175663115395764,-0.0013824031
2020-02-09,val,-0.03162780549223321,-0.00086862035
2020-02-10,val,0.04157584813213511,-0.00076650456
2020-02-11,val,0.00786769484594707,-0.00041308813
2020-02-12,val,-0.01113690508215548,-0.001383679
2020-02-13,val,0.013086481184423349,-0.0015717894
2020-02-14,val,-0.04537781986156375,-0.0014202669
2020-02-15,val,0.0009862739312875846,-0.0009970497
2020-02-16,val,-0.0225278371584281,-0.0015000813
2020-02-17,val,0.04908859778783814,-0.0012855399
2020-02-18,val,-0.059443051524773693,-0.000983458
2020-02-19,val,0.001037994109895024,-0.0009120237
2020-02-20,val,0.008868936823233753,-0.0006428454
2020-02-21,val,-0.002833110325173749,1.385808e-06
2020-02-22,val,0.03023470479619128,-0.00016203895
2020-02-23,val,-0.031086308952120945,0.00010763854
2020-02-24,val,-0.037441758130214,3.739074e-05
2020-02-25,val,-0.05826912306220322,-0.00061519444
2020-02-26,val,0.0038872663539599728,-0.00055878796
2020-02-27,val,-0.011825690367144759,0.0006913915
2020-02-28,val,-0.02133310873926142,-0.00048883446
2020-02-29,val,-0.0003238034259940292,-0.001847608
2020-03-01,val,0.04504782046153366,-0.0019475166
2020-03-02,val,-0.017785952113966275,-0.0015099067
2020-03-03,val,0.0003219453748144474,-0.0012194533
2020-03-04,val,0.03471976248459541,-0.0012924317
2020-03-05,val,0.009692494638850135,-0.0009519998
2020-03-06,val,-0.028478304223437334,-0.001296943
2020-03-07,val,-0.10205476006838943,0.00014212728
2020-03-08,val,-0.012927576752266745,0.00041721202
2020-03-09,val,-0.005033745751408247,-0.00011840649
2020-03-10,val,0.005478538252964071,-0.0016594995
2020-03-11,val,-0.49122610116435084,-0.0010002237
2020-03-12,val,0.1490168910381673,2.0084903e-05
2020-03-13,val,-0.08750493891989564,0.001090141
2020-03-14,val,0.034273519981043776,0.006570721
2020-03-15,val,-0.05929526082914194,0.00979949
2020-03-16,val,0.05674024897751728,0.012001557
2020-03-17,val,0.015249682466963677,0.018424599
2020-03-18,val,0.13340900906366926,0.017729564
2020-03-19,val,0.003201975564143922,0.020708716
2020-03-20,val,-0.0011801808400608849,0.02273591
2020-03-21,val,-0.06335296925227851,0.019860541
2020-03-22,val,0.10936006918124619,0.01804612
2020-03-23,val,0.0416450580612846,0.019892437
2020-03-24,val,-0.011247294882002379,0.02107471
2020-03-25,val,0.009996261433366627,0.019154778
2020-03-26,val,-0.05878373540949333,0.015863901
2020-03-27,val,-0.019097266269218593,0.018097779
2020-03-28,val,-0.061790461849108524,0.019517278
2020-03-29,val,0.08621533118999736,0.017965166
2020-03-30,val,0.002797967649641464,0.0122664925
2020-03-31,val,0.036941023051211275,0.01105584
2020-04-01,val,0.020550615845744247,0.012660643
2020-04-02,val,-0.009231963673931531,0.01468909
2020-04-03,val,0.019503054876190973,0.014033927
2020-04-04,val,-0.014139231906316496,0.01265181
2020-04-05,val,0.07983239756295646,0.010739325
2020-04-06,val,-0.019468939194270618,0.008306792
2020-04-07,val,0.023350216553062353,0.009263581
2020-04-08,val,-0.01048473973416364,0.00822418
2020-04-09,val,-0.059505803756621845,0.007619938
2020-04-10,val,0.002578197504734092,0.0052502807
2020-04-11,val,0.0026786933912728017,0.0010321196
2020-04-12,val,-0.006815167844751002,-0.007134801
2020-04-13,val,0.002352500397099888,-0.011912841
2020-04-14,val,-0.03751877855967223,-0.01600336
2020-04-15,val,0.07115595005337028,-0.019590583
2020-04-16,val,-0.010626173301199415,-0.022079749
2020-04-17,val,0.03137491408605442,-0.025907276
2020-04-18,val,-0.01821141498796308,-0.025624989
2020-04-19,val,-0.041887731977757525,-0.024280593
2020-04-20,val,0.002262657563733228,-0.022999067
2020-04-25,val,0.020820195606253478,-0.026925614
2020-04-26,val,0.010760181953415326,-0.01997204
2020-04-29,val,-0.01945976070851252,-0.018214049
2020-04-30,val,0.023507846122241105,-0.023358844
2020-05-01,val,0.017531742889001833,-0.02307991
2020-05-02,val,-0.008452440388598603,-0.020705862
2020-05-03,val,-0.002969629259236939,-0.018908817
2020-05-06,val,0.08867551321823441,-0.017256908
2020-05-07,val,-0.019659705688438223,-0.014981123
2020-05-08,val,-0.02820128371993391,-0.01644784
2020-05-09,val,-0.0884516567896263,-0.014705149
2020-05-10,val,-0.01820159298932822,-0.015727285
2020-05-11,val,0.0286351147139996,-0.016369976
2020-05-12,val,0.05511495790039689,-0.0148097
2020-05-13,val,0.049608949688835224,-0.015886597
2020-05-14,val,-0.0505921326185792,-0.013781199
2020-05-15,val,0.0076019635150199605,-0.014451103
2020-05-16,val,0.030797106899591142,-0.014784755
2020-05-17,val,0.005348077564921283,-0.012410095
2020-05-18,val,0.005662090496796779,-0.011850199
2020-05-19,val,-0.028442033564562763,-0.010848613
2020-05-22,val,0.001408128577249812,-0.01219839
2020-05-23,val,-0.052089468299209685,-0.009645175
2020-05-24,val,0.020844306552808334,-0.0118159205
2020-05-25,val,-0.00618699395154465,-0.009579707
2020-05-26,val,0.040343476716600435,-0.007258838
2020-05-27,val,0.03956719636368078,-0.006803816
2020-05-28,val,-0.016454775935072163,-0.0045643076
2020-05-29,val,0.028917256712793105,-0.00358559
2020-05-30,val,-0.026508192893516025,-0.005266862
2020-05-31,val,0.0776140534120433,-0.006430771
2020-06-01,val,-0.06961254728351207,-0.0049813446
2020-06-02,val,0.015175484411441786,-0.0040704217
2020-06-03,val,0.012331507357588478,-0.0040044673
2020-06-04,val,-0.018022016290515808,-0.0033076238
2020-06-05,val,0.006065901198981649,-0.004277816
2020-06-06,val,0.008075497164607981,-0.004758399
2020-06-07,val,0.0032142762304694372,-0.0035052951
2020-06-08,val,-0.00021471382819093776,-0.0042459946
2020-06-09,val,0.011653400622996912,-0.003585741
2020-06-10,val,-0.06534768552742243,-0.002689276
2020-06-11,val,0.020928219197003273,-0.0029959064
2020-06-12,val,0.0011436616473083916,-0.002574319
2020-06-13,val,-0.015957785438610372,-0.0036666784
2020-06-14,val,0.011465387814368455,-0.004095448
2020-06-15,val,0.009886792653942322,-0.0024602339
2020-06-16,val,-0.007242011111818769,-0.0027560163
2020-06-17,val,-0.00864097042257761,-0.0022896752
2020-06-18,val,-0.00794840904733185,-0.0011818763
2020-06-19,val,0.005770303265633103,0.00015906617
2020-06-20,val,-0.007467092738828285,0.0016138386
2020-06-21,val,0.04264782443262938,0.0013357121
2020-06-22,val,-0.006956531784409137,0.0013867673
2020-06-23,val,-0.03571606105020031,0.0007981807
2020-06-24,val,-0.004576513890214073,0.0005544666
2020-06-25,val,-0.00957563000671513,0.000496313
2020-06-26,val,-0.01684818032355473,-0.0014372896
2020-06-27,val,0.012230427849912573,-0.0005757194
2020-06-28,val,0.007783535463959268,-0.00021408871
2020-06-29,val,-0.005267292542068702,-0.00032483973
2020-06-30,val,0.011294094802469345,0.0003726054
2020-07-01,val,-0.01619542803769214,0.00048566423
2020-07-02,val,-0.003047029688193703,0.0006061159
2020-07-03,val,0.008201171314061284,0.00029416196
2020-07-04,val,-0.007041192222395409,0.00020224787
2020-07-05,val,0.029204418920318886,0.0003453996
2020-07-06,val,-0.009611172400116885,-0.00028382987
2020-07-07,val,0.019406448334670756,0.00046353973
2020-07-08,val,-0.02124411053278763,5.6006014e-05
2020-07-09,val,0.00583982661379423,0.00012580119
2020-07-10,val,-0.006050957545530977,0.00094551034
2020-07-11,val,0.007376086460849862,0.0002747476
2020-07-12,val,-0.007168203359697145,-0.0012249108
2020-07-13,val,0.0021650437302067616,-0.00031158328
2020-07-14,val,-0.00724019403801357,-0.00070579164
2020-07-15,val,-0.006555603717480096,-0.0005398225
2020-07-16,val,0.0026448791424051876,-0.0015973654
2020-07-17,val,0.0023524108318291326,-0.0026447922
2020-07-18,val,0.004026386829899309,-0.0033862945
2020-07-19,val,-0.00564061859358489,-0.0038845036
2020-07-20,val,0.02512528968579275,-0.0034472998
2020-07-21,val,0.01500689536036326,-0.0036527887
2020-07-22,val,0.0080483289798714,-0.0034097154
2020-07-23,val,-0.006473466926291138,-0.0030510295
2020-07-24,val,0.016625397079659265,-0.0033342
2020-07-25,val,0.023374374112995255,-0.004591711
2020-07-26,val,0.105664161334321,-0.003750274
2020-07-27,val,-0.010433545010036127,-0.004151767
2020-07-28,val,0.01595816911902226,-0.003996128
2020-07-29,val,0.0005246091759545379,-0.004068086
2020-07-30,val,0.020979451170534347,-0.0039001107
2020-07-31,val,0.03959209235225636,-0.0039994176
2020-08-01,val,-0.06484570733504746,-0.004036119
2020-08-02,val,0.01476059759916204,-0.0040393583
2020-08-03,val,-0.0032179899790367728,-0.0049371477
2020-08-04,val,0.048778086074511506,-0.0050428137
2020-08-05,val,0.0014568242114467722,-0.005022116
2020-08-06,val,-0.014317358766856358,-0.0047644023
2020-08-07,val,0.014409932210996956,-0.004847491
2020-08-08,val,-0.0073732000202895165,-0.0047593024
2020-08-09,val,0.01791196941750428,-0.0050576236
2020-08-10,val,-0.04390900223384975,-0.004000159
2020-08-11,val,0.015501957570183578,-0.004163852
2020-08-12,val,0.019647586098269443,-0.0039584357
2020-08-13,val,-0.001437967242408078,-0.0041206386
2020-08-14,val,0.00678902559531025,-0.0041663386
2020-08-15,val,0.005013030893550763,-0.004539771
2020-08-16,val,0.03182520241391806,-0.00422265
2020-08-17,val,-0.02921426550190631,-0.0038133971
2020-08-18,val,-0.016123428959202712,-0.0038223118
2020-08-19,val,0.008922670214269957,-0.0037969816
2020-08-20,val,-0.028645837249671402,-0.004059622
2020-08-21,val,0.012387803525005125,-0.0038261693
2020-08-22,val,-0.001965447527481956,-0.0034629349
2020-08-23,val,0.008873808115520632,-0.003910821
2020-08-24,val,-0.03717523916947307,-0.003501078
2020-08-25,val,0.012142403572438454,-0.0035331547
2020-08-26,val,-0.011688640197833777,-0.0028361473
2020-08-27,val,0.017926520924625322,-0.003167864
2020-08-28,val,-0.00527526820598645,-0.0024284907
2020-08-29,val,0.020845659079022028,-0.0025720634
2020-08-30,val,-0.00522101001103259,-0.0027766172
2020-08-31,val,0.02283635334240408,-0.0024393108
2020-09-01,val,-0.04535484028117409,-0.002327038
2020-09-02,val,-0.11352681857214186,-0.0027213246
2020-09-03,val,0.03169005208009423,-0.0027381387
2020-09-04,val,-0.03209908060373756,-0.0035835002
2020-09-05,val,0.008763302536200612,-0.002790438
2020-09-06,val,0.011354825127396495,-0.0018524453
2020-09-07,val,-0.024323307297990482,-0.0022289157
2020-09-08,val,0.009716910399358625,-0.0017322637
2020-09-09,val,0.011539530192209213,-0.0014159698
2020-09-10,val,0.004935962232080371,-0.00038577244
2020-09-11,val,0.0050007469527404425,-0.000101218
2020-09-12,val,-0.010562434846303148,9.65409e-06
2020-09-13,val,0.03266167812429366,-0.00023253448
2020-09-14,val,0.009672219535501014,0.00032003038
2020-09-15,val,0.01617632553648818,0.0001465287
2020-09-16,val,-0.001460972664833804,0.0009231027
2020-09-17,val,-0.0005566440268154338,0.0012129452
2020-09-18,val,0.012942601065647708,0.00084901415
2020-09-19,val,-0.01446421249197094,0.0010358375
2020-09-20,val,-0.047255661421203854,0.0010018479
2020-09-21,val,0.010913825422997903,0.0007011704
2020-09-22,val,-0.028512643367736956,0.0005691014
2020-09-23,val,0.04815303071775645,-3.7262216e-05
2020-09-24,val,-0.004617717325189119,0.0003986545
2020-09-25,val,0.0036852537888147907,8.719787e-05
2020-09-26,val,0.0044820190149579275,-0.00032572076
2020-09-27,val,-0.007697808545508167,-4.236214e-05
2020-09-28,val,0.013482569805425726,0.00037161447
2020-09-29,val,-0.005652094845709499,0.000662202
2020-09-30,val,-0.015142415004543608,0.0006790627
2020-10-01,val,-0.004200895717007214,0.0005858112
2020-10-02,val,-0.0020326855527894594,0.0013306979
2020-10-03,val,0.011257844096114411,-0.00039223768
2020-10-04,val,0.011542974073224244,-0.0012526009
2020-10-05,val,-0.017978150933551262,-0.0020344015
2020-10-06,val,0.006375200045095397,-0.0019696224
2020-10-07,val,0.024313857298441377,-0.002567513
2020-10-08,val,0.011276071994616998,-0.0027486235
2020-10-09,val,0.02168843458034786,-0.0028204788
2020-10-10,val,0.006572451130670842,-0.0032323152
2020-10-11,val,0.01409484137844963,-0.0034015384
2020-10-12,val,-0.009340034315064472,-0.0038232636
2020-10-13,val,-4.550243438750101e-05,-0.0038560834
2020-10-14,val,0.007118646936094208,-0.004030099
2020-10-15,val,-0.015797483218074504,-0.003819758
2020-10-16,val,0.003431318034268216,-0.003683243
2020-10-17,val,0.012788341797149272,-0.004064912
2020-10-18,val,0.021161150783678195,-0.004438324
2020-10-19,val,0.013796711708936371,-0.00408525
2020-10-20,val,0.07153105694097128,-0.003677709
2020-10-21,val,0.013880421433894341,-0.0031566806
2020-10-22,val,-0.003852017426140719,-0.0034636203
2020-10-23,val,0.014514900503403538,-0.0038765129
2020-10-24,val,-0.006208361616877767,-0.003954349
2020-10-25,val,0.0018220263379209456,-0.004276421
2020-10-26,val,0.04703603236723097,-0.004298685
2020-10-27,val,-0.030924770106068422,-0.0047671422
2020-10-28,val,0.013384117028806486,-0.0041572005
2020-10-29,val,0.008250418310645102,-0.004456049
2020-10-30,val,0.017044339630876593,-0.005499622
2020-10-31,val,-0.0024093076739184482,-0.0047490634
2020-11-01,val,-0.015246057034998373,-0.0055234656
2020-11-02,val,0.034249491096453255,-0.006221272
2020-11-03,val,0.008914394032133899,-0.0062836297
2020-11-04,val,0.09727145529116932,-0.005855661
2020-11-05,val,-0.0005293487467934455,-0.004386833
2020-11-06,val,-0.050339798683138426,-0.0046810694
2020-11-07,val,0.04280827867819603,-0.0064091235
2020-11-08,val,-0.009125728575336112,-0.0053787623
2020-11-09,val,-0.0017757613951925322,-0.005858887
2020-11-10,val,0.025194735030254378,-0.0052893497
2020-11-11,val,0.037798644006402426,-0.005425226
2020-11-12,val,0.0017610831013836759,-0.0052949246
2020-11-13,val,-0.01588790534574791,-0.0053185094
2020-11-14,val,-0.007184052814132258,-0.0055499543
2020-11-15,val,0.046485454883395505,-0.0048736855
2020-11-16,val,0.05539519945103777,-0.00508132
2020-11-17,val,0.005840026276116461,-0.005779866
2020-11-18,val,0.002172198798813696,-0.0064657107
2020-11-19,val,0.04678903527593192,-0.007470643
2020-11-20,val,0.002457987902582559,-0.006858915
2020-11-21,val,-0.015261793684230085,-0.0061607156
2020-11-22,val,-0.002869987913335592,-0.0053695217
2020-11-23,val,0.041969370117696414,-0.0047591813
2020-11-24,val,-0.02379913020706681,-0.0052343495
2020-11-25,val,-0.08653188911639731,-0.004854096
2020-11-26,val,-0.0009352071174664189,-0.0049240105
2020-11-27,val,0.033585053585898805,-0.004707353
2020-11-28,val,0.0257201543356409,-0.004839534
2020-11-29,val,0.07979232400278846,-0.0046141054
2020-11-30,val,-0.04837539147518477,-0.0041320585
2020-12-01,val,0.023293676444676947,-0.004353704
2020-12-02,val,0.011532860054821015,-0.0050398763
2020-12-03,val,-0.04149677658489459,-0.0039882064
2020-12-04,val,0.026490123164373713,-0.004742099
2020-12-05,val,0.011244051181817483,-0.0035822298
2020-12-06,val,-0.01026587537807444,-0.0033710431
2020-12-07,val,-0.04596166104487587,-0.0034586247
2020-12-08,val,0.012496781849909766,-0.0031231288
2020-12-09,val,-0.015930232512230802,-0.0024138894
2020-12-10,val,-0.011642868282544683,-0.001859704
2020-12-11,val,0.04227745746282352,-0.0025399663
2020-12-12,val,0.018183644972737056,-0.0020771679
2020-12-13,val,0.0055006743963677,-0.0026467498
2020-12-14,val,0.008896932589326667,-0.0023374315
2020-12-15,val,0.09393423163466075,-0.0021896604
2020-12-16,val,0.06641763737189166,-0.0019558128
2020-12-17,val,0.01354464944373035,-0.0011472739
2020-12-18,val,0.03031788304147298,-0.0020873435
2020-12-19,val,-0.015783451272739057,-0.0029584598
2020-12-20,val,-0.03234110609064089,-0.0029269028
2020-12-21,val,0.04700359341847893,-0.0022511557
2020-12-22,val,-0.025289318684514228,-0.0024227407
2020-12-23,val,0.020859051640705673,-0.0028018728
2020-12-24,val,0.04076134665600506,-0.0031289384
2020-12-25,val,0.0692201977046274,-0.0033168606
2020-12-26,val,-0.008218652852862718,-0.0035844669
2020-12-27,val,0.02933510612949597,-0.0032703
2020-12-28,val,0.011983591773152114,-0.0032181013
2020-12-29,val,0.05443816130812351,-0.0038849302
2020-12-30,val,0.0032013847251413097,-0.0030697826
2020-12-31,val,0.014477611195651718,-0.0035126228
2021-01-01,val,0.09133947367378248,-0.004152816
2021-01-02,val,0.026178034217409163,-0.0043109264
2021-01-03,val,-0.03258842632515524,-0.0041099135
2021-01-04,val,0.06090090000731152,-0.0038161725
2021-01-05,val,0.0798455808060261,-0.0036968142
2021-01-06,val,0.06933454541801076,-0.0040300097
2021-01-07,val,0.028930038792641,-0.005186105
2021-01-08,val,-0.010076877185632327,-0.005296083
2021-01-09,val,-0.05320358541193393,-0.0058723
2021-01-10,val,-0.07389468673199673,-0.0052827913
2021-01-11,val,-0.04068997244927175,-0.0044922736
2021-01-12,val,0.09399483282512122,-0.004401181
2021-01-13,val,0.045264055794689284,-0.004950056
2021-01-14,val,-0.06249993471322135,-0.0060282126
2021-01-15,val,-0.02055359476081442,-0.006835334
2021-01-16,val,-0.0052053010220749485,-0.0063324105
2021-01-17,val,0.022203646592876325,-0.0063677207
2021-01-18,val,-0.01949152648937158,-0.0064670257
2021-01-19,val,-0.01159878178913587,-0.0064509194
2021-01-20,val,-0.140290134472707,-0.0060752705
2021-01-21,val,0.06672119002160848,-0.0059249047
2021-01-22,val,-0.0268206870318366,-0.0063780826
2021-01-23,val,0.0054828844616512384,-0.0055897404
2021-01-24,val,-0.0008269503865729888,-0.0058039594
2021-01-25,val,0.007686919466946662,-0.004857892
2021-01-26,val,-0.06689583662024745,-0.0051236544
2021-01-27,val,0.09653960770937076,-0.00439821
2021-01-28,val,0.022823350761932204,-0.003204817
2021-01-29,val,0.0015608566530698198,-0.002610853
2021-01-30,val,-0.034928121371251564,-0.0028525945
2021-01-31,val,0.011862880495618455,-0.0025188774
2021-02-01,val,0.057353839581146815,-0.0021117292
2021-02-02,val,0.05919665553344622,-0.0008185115
2021-02-03,val,-0.01884418115224662,-0.0008648131
2021-02-04,val,0.03550784259873474,-0.00046529807
2021-02-05,val,0.02459463680010643,-0.000589462
2021-02-06,val,-0.010085211769007785,-0.0002930723
2021-02-07,val,0.17807628399848952,0.0008940045
2021-02-08,val,0.001433476399322231,0.0005645007
2021-02-09,val,-0.03644544811970363,-0.0006844513
2021-02-10,val,0.0678338797884539,-0.002134459
2021-02-11,val,-0.012359305702412726,-0.0032576602
2021-02-12,val,-0.003717006219199348,-0.0029536057
2021-02-13,val,0.030201285846077397,-0.0034127664
2021-02-14,val,-0.015407935727925093,-0.00323038
2021-02-15,val,0.025179537017521625,-0.004105905
2021-02-16,val,0.05945376520800494,-0.0057370663
2021-02-17,val,-0.010952609658046342,-0.0071798936
2021-02-18,val,0.0815028771487718,-0.008996146
2021-02-19,val,-0.001073033194339601,-0.009946547
2021-02-20,val,0.027611365280007405,-0.012063479
2021-02-21,val,-0.059983782433945976,-0.013793869
2021-02-22,val,-0.1018354338759444,-0.015500085
2021-02-23,val,0.016988417527853628,-0.015501586
2021-02-24,val,-0.055374525924616336,-0.015817411
2021-02-25,val,-0.015683407809586214,-0.016083006
2021-02-26,val,-0.0031446311841278884,-0.017811619
2021-02-27,val,-0.020763770715879204,-0.018220793
2021-02-28,val,0.09298559936129358,-0.017694669
2021-03-01,val,-0.022981928633438287,-0.016851053
2021-03-02,val,0.03739426457281958,-0.016866185
2021-03-03,val,-0.04034802028714246,-0.017554983
2021-03-04,val,0.008255313437429024,-0.02014836
2021-03-05,val,0.0028741009048225408,-0.020906229
2021-03-06,val,0.04142752975064923,-0.01989305
2021-03-07,val,0.027791064969857615,-0.02018189
2021-03-08,val,0.04661446671877023,-0.020085998
2021-03-09,val,0.017586154213878658,-0.020790517
2021-03-10,val,0.03385856804165854,-0.021612057
2021-03-11,val,-0.010249619073205096,-0.021908062
2021-03-12,val,0.06678905275304636,-0.02275786
2021-03-13,val,-0.0367211956487683,-0.023580203
2021-03-14,val,-0.058241455119841135,-0.025622621
2021-03-15,val,0.022938507740889236,-0.026692098
2021-03-16,val,0.0345029353937818,-0.025357565
2021-03-17,val,-0.021971967665349368,-0.025368081
2021-03-18,val,0.0068239246632586514,-0.025401464
2021-03-19,val,0.0013264880424372905,-0.024662675
2021-03-20,val,-0.013047983340152669,-0.025926584
2021-03-21,val,-0.05838476935729986,-0.025232302
2021-03-22,val,0.004342244167615306,-0.024377115
2021-03-23,val,-0.0388221140744367,-0.022335278
2021-03-24,val,-0.018362277666243543,-0.021666706
2021-03-25,val,0.07047125179637526,-0.021741273
2021-03-26,val,0.014137029464675877,-0.022126345
2021-03-27,val,-0.0013922115629458887,-0.024406916
2021-03-28,val,0.03236234065948729,-0.02418051
2021-03-29,val,0.02015498817964989,-0.025411068
2021-03-30,val,0.0002302986255369177,-0.028141081
2021-03-31,val,-0.0012511224634668139,-0.028368661
2021-04-01,val,0.004325303886519194,-0.027918449
2021-04-02,val,-0.03251104892206946,-0.025719913
2021-04-03,val,0.019454212994192588,-0.028391356
2021-04-04,val,0.015461157479498056,-0.02841025
2021-04-05,val,-0.01883292389477731,-0.029635869
2021-04-06,val,-0.03622623417640014,-0.030526362
2021-04-07,val,0.03731354393973341,-0.029750714
2021-04-08,val,0.0001649224997120058,-0.030108448
2021-04-09,val,0.028608071130287627,-0.030565832
2021-04-10,val,0.0034511279966249475,-0.028835028
2021-04-11,val,-0.002427539734128459,-0.0282405
2021-04-12,val,0.06075690742461681,-0.026294338
2021-04-13,val,-0.00974122593232174,-0.026547384
2021-04-14,val,0.004076682156206601,-0.026951326
2021-04-15,val,-0.028909815927452343,-0.027320402
2021-04-16,val,-0.022528792005294562,-0.027655864
2021-04-17,val,-0.06508517884745757,-0.027184699
2021-04-18,val,-0.01031666922364316,-0.025339173
2021-04-19,val,0.014304838416794752,-0.025380904
2021-04-20,val,-0.04893861953166656,-0.025816878
2021-04-21,val,-0.039800916776581374,-0.026145326
2021-04-22,val,-0.009997667074808092,-0.02560806
2021-04-23,val,-0.021686450548138225,-0.024549797
2021-04-24,val,-0.01951777583271408,-0.0244496
2021-04-25,val,0.09568950492472972,-0.024199232
2021-04-26,val,0.018622056079307114,-0.02369562
2021-04-27,val,-0.003193603508766074,-0.023355063
2021-04-28,val,-0.02422873531665637,-0.022912653
2021-04-29,val,0.07579163105862463,-0.021974413
2021-04-30,val,0.0010463604655424064,-0.02125894
2021-05-01,val,-0.02155973983483861,-0.020027839
2021-05-02,val,0.01032231026639252,-0.019465964
2021-05-03,val,-0.07193037008508796,-0.01854624
2021-05-04,val,0.077211724159298,-0.017486274
2021-05-05,val,-0.018867959395992173,-0.017273434
2021-05-06,val,0.016512786573027682,-0.016121903
2021-05-07,val,0.02712356674070726,-0.01575376
2021-05-08,val,-0.011008495028569598,-0.01529696
2021-05-09,val,-0.04285437393832403,-0.016299376
2021-05-10,val,0.015748561138209993,-0.015965445
2021-05-11,val,-0.1367640454543846,-0.016745713
2021-05-12,val,0.003858098555806322,-0.01590053
2021-05-13,val,0.0040844135610189625,-0.015035912
2021-05-14,val,-0.06453055753689085,-0.012297062
2021-05-15,val,-0.006966302710797123,-0.011041943
2021-05-16,val,-0.0637836700467247,-0.008884219
2021-05-17,val,-0.01673731033593917,-0.007526746
2021-05-18,val,-0.154230988594092,-0.007265469
2021-05-19,val,0.10070102843920026,-0.007090086
2021-05-20,val,-0.08425677289406686,-0.004650483
2021-05-21,val,0.0036371161328450086,-0.00092364475
2021-05-22,val,-0.07529383805679934,0.00025106035
2021-05-23,val,0.11201390457468463,0.0026752558
2021-05-24,val,-0.013380508399974289,0.0032699537
2021-05-25,val,0.02398980593557809,0.0036343355
2021-05-26,val,-0.01891768579926456,0.004795173
2021-05-27,val,-0.0775310733348622,0.006152706
2021-05-28,val,-0.02994607503635116,0.0065727737
2021-05-29,val,0.029636894545784997,0.0093636345
2021-05-30,val,0.04414418128219033,0.010138655
2021-05-31,val,-0.016070528896456437,0.010705842
2021-06-01,val,0.024048425584142663,0.010073682
2021-06-02,val,0.04349812312076118,0.011468796
2021-06-03,val,-0.06288196437215632,0.011389611
2021-06-04,val,-0.036388063903299184,0.011084033
2021-06-05,val,0.007316828542593967,0.012562474
2021-06-06,val,-0.06415245559636418,0.014843384
2021-06-07,val,-0.00518917513726791,0.016601512
2021-06-08,val,0.11315423724663098,0.019828012
2021-06-09,val,-0.019159291074807072,0.019908575
2021-06-10,val,0.0174087424107654,0.019151947
2021-06-11,val,-0.04887703552467926,0.018660886
2021-06-12,val,0.09280601556772616,0.016415374
2021-06-13,val,0.03832372840074427,0.015077142
2021-06-14,val,-0.009345579844305618,0.014536789
2021-06-15,val,-0.04614988449384505,0.012795018
2021-06-16,val,-0.00669310064969153,0.012576943
2021-06-17,val,-0.060972413379229096,0.009154869
2021-06-18,val,-0.01001093509776041,0.007833643
2021-06-19,val,0.0028419658931326808,0.0068835225
2021-06-20,val,-0.11847828804824267,0.0056872424
2021-06-21,val,0.028952176531205964,0.0051692147
2021-06-22,val,0.034732071919830076,0.00400321
2021-06-23,val,0.02827781557138387,0.004517665
2021-06-24,val,-0.09244272639009843,0.0018743183
2021-06-25,val,0.021311654181623396,0.0031814333
2021-06-26,val,0.07270682219417779,0.00259831
2021-06-27,val,-0.006242862833673257,0.0020410176
2021-06-28,val,0.04009372545854184,0.0016717333
2021-06-29,val,-0.02379562895070997,0.0012436341
2021-06-30,val,-0.04503466073287399,0.001247583
2021-07-01,val,0.008583093410710063,0.0012559649
2021-07-02,val,0.02561612153889037,0.0005292706
2021-07-03,val,0.01720558675859607,0.0013286415
2021-07-04,val,-0.04599906065089243,0.00017353706
2021-07-05,val,0.01554574056707203,-0.00031154044
2021-07-06,val,-0.010195334455605831,-0.0008204039
2021-07-07,val,-0.030040978510172067,-0.0012319442
2021-07-08,val,0.02843690908904506,-0.0006637722
2021-07-09,val,-0.00917475366727949,-0.00022114627
2021-07-10,val,0.02195247461309968,-0.0014040917
2021-07-11,val,-0.034691653401180744,-0.00047850236
2021-07-12,val,-0.010845794079312299,-0.0009527225
2021-07-13,val,0.0025095157328323126,-0.0011039376
2021-07-14,val,-0.029304376396218856,-0.0010128766
2021-07-15,val,-0.01519614348783982,0.0006690528
2021-07-16,val,0.0046359089269767395,0.0013428722
2021-07-17,val,0.008033249901068018,-0.0004545115
2021-07-18,val,-0.030218354515445967,-0.0009610113
2021-07-19,val,-0.03449884398664338,-0.002439279
2021-07-20,val,0.07557216521425936,-0.0032267403
2021-07-21,val,0.004735900249349001,-0.004471129
2021-07-22,val,0.0412440347151648,-0.0037362743
2021-07-23,val,0.018718269849195224,-0.004548928
2021-07-24,val,0.032859910572572204,-0.00438446
2021-07-25,val,0.05048489812012491,-0.0060220063
2021-07-26,val,0.057558345867271044,-0.006643437
2021-07-27,val,0.014203518600039544,-0.008609826
2021-07-28,val,0.00010839899933934305,-0.009432731
2021-07-29,val,0.053454137688081715,-0.011127308
2021-07-30,val,-0.017745926980037297,-0.011744386
2021-07-31,val,-0.04006414843080286,-0.0132551845
2021-08-01,val,-0.01811908077200286,-0.01430222
2021-08-02,val,-0.024778543108091355,-0.014330072
2021-08-03,val,0.03930410532702133,-0.014398236
2021-08-04,val,0.02893920746233647,-0.013900319
2021-08-05,val,0.04730776397927805,-0.014717853
2021-08-06,val,0.040408244982998553,-0.01600915
2021-08-07,val,-0.018271835509766632,-0.017300796
2021-08-08,val,0.05452941202156758,-0.018023178
2021-08-09,val,-0.01501576844353636,-0.017539866
2021-08-10,val,-0.0009252966815100905,-0.018008359
2021-08-11,val,-0.025149246067860176,-0.018687256
2021-08-12,val,0.07399116385793647,-0.019268958
2021-08-13,val,-0.015251294396994908,-0.020259319
2021-08-14,val,-0.002022011195471407,-0.020580107
2021-08-15,val,-0.023937141666781514,-0.021226872
2021-08-16,val,-0.027181205168348654,-0.02095718
2021-08-17,val,0.0008145039427898126,-0.021129593
2021-08-18,val,0.04500165419401547,-0.02099302
2021-08-19,val,0.053630088623568994,-0.022085818
2021-08-20,val,-0.009681020675973429,-0.022732276
2021-08-21,val,0.008509536416397623,-0.024128422
2021-08-22,val,0.004491706351100078,-0.023585469
2021-08-23,val,-0.037540568419984766,-0.024023592
2021-08-24,val,0.026998287581541547,-0.0249458
2021-08-25,val,-0.04457930832024992,-0.024032876
2021-08-26,val,0.046419722688105125,-0.022748537
2021-08-27,val,-0.0027469778449127347,-0.022800256
2021-08-28,val,-0.002871949455590439,-0.022055484
2021-08-29,val,-0.03776941734723316,-0.021655913
2021-08-30,val,0.0025245956264345892,-0.021029927
2021-08-31,val,0.036008424142275786,-0.021349473
2021-09-01,val,0.008958752317107965,-0.02187834
2021-09-02,val,0.015017345417160044,-0.02303402
2021-09-03,val,-0.0016409257925218412,-0.023123484
2021-09-04,val,0.0362990993702077,-0.022996224
2021-09-05,val,0.017411820599726013,-0.022500128
2021-09-06,val,-0.11669247686064388,-0.021495128
2021-09-07,val,-0.017947687532256396,-0.021194227
2021-09-08,val,0.007346748977900219,-0.021090649
2021-09-09,val,-0.03394354126115573,-0.020553228
2021-09-10,val,0.00711774449003677,-0.020937392
2021-09-11,val,0.018694334480079178,-0.020034736
2021-09-12,val,-0.023667960335579608,-0.017989606
2021-09-13,val,0.04735071680631897,-0.017436322
2021-09-14,val,0.02143133941783404,-0.01586851
2021-09-15,val,-0.00823685008220032,-0.014962006
2021-09-16,val,-0.009460954215537498,-0.014998216
2021-09-17,val,0.021148675975179998,-0.01549433
2021-09-18,val,-0.022155027410404315,-0.01575532
2021-09-19,val,-0.09407623897679329,-0.017179057
2021-09-20,val,-0.054792149108678245,-0.016190577
2021-09-21,val,0.06777633728600385,-0.01622974
2021-09-22,val,0.02989823217738774,-0.014950814
2021-09-23,val,-0.04670367794924246,-0.014773715
2021-09-24,val,-0.0033524888031539746,-0.014660923
2021-09-25,val,0.01100361775070624,-0.013685558
2021-09-26,val,-0.02358076675429821,-0.01306442
2021-09-27,val,-0.027543084425152742,-0.0128232315
2021-09-28,val,0.012019542332305733,-0.010790775
2021-09-29,val,0.05396416382189351,-0.011111526
2021-09-30,val,0.09445697073004133,-0.010234831
2021-10-01,val,-0.010604392999077561,-0.00971283
2021-10-02,val,0.01201995707249992,-0.0077897534
2021-10-03,val,0.020754845890584406,-0.00893051
2021-10-04,val,0.04464629668889586,-0.009108085
2021-10-05,val,0.07202147602567166,-0.010622552
2021-10-06,val,-0.028253631955708514,-0.011295322
2021-10-07,val,0.0030808761133034324,-0.01225036
2021-10-08,val,0.018333491698760085,-0.013935808
2021-10-09,val,-0.004956745415450214,-0.016118096
2021-10-10,val,0.049875920863065915,-0.017651679
2021-10-11,val,-0.026123731143375295,-0.018698188
2021-10-12,val,0.024032045195047758,-0.019974831
2021-10-13,val,-0.00013614949549456412,-0.021253267
2021-10-14,val,0.0728705580338822,-0.022325685
2021-10-15,val,-0.013346877544375246,-0.021496112
2021-10-16,val,0.010615556485060296,-0.022881636
2021-10-17,val,0.008340292768632906,-0.023328647
2021-10-18,val,0.03579028018406483,-0.023259765
2021-10-19,val,0.026448318765691425,-0.024524583
2021-10-20,val,-0.05963715452770835,-0.025084559
2021-10-21,val,-0.02467957493278483,-0.02693127
2021-10-22,val,0.010039953125303924,-0.028795507
2021-10-23,val,-0.007294565686093435,-0.030199483
2021-10-24,val,0.035974439345713094,-0.030617151
2021-10-25,val,-0.044504089936348024,-0.031518698
2021-10-26,val,-0.03169052199816669,-0.033219922
2021-10-27,val,0.03589182700324933,-0.03347955
2021-10-28,val,0.027430585394137452,-0.034858607
2021-10-29,val,-0.0061901251487199715,-0.035279978
2021-10-30,val,-0.00890540468252432,-0.03698457
2021-10-31,val,-0.006445841636548266,-0.036840625
2021-11-01,val,0.03730981248483012,-0.036194578
2021-11-02,val,-0.005247158833590504,-0.03581026
2021-11-03,val,-0.023974634035390352,-0.03564532
2021-11-04,val,-0.007159649581357286,-0.03513793
2021-11-05,val,0.008701478847862987,-0.03551475
2021-11-06,val,0.02835339494535738,-0.03576182
2021-11-07,val,0.06491015991188576,-0.036113694
2021-11-08,val,-0.009073404528168183,-0.036949363
2021-11-09,val,-0.03083072038666934,-0.036849596
2021-11-10,val,-0.0016128614250305873,-0.036716066
2021-11-11,val,-0.010231371378427667,-0.03651937
2021-11-12,val,0.0039224336395076165,-0.036017373
2021-11-13,val,0.01701299253599231,-0.036421686
2021-11-14,val,-0.02912675008372645,-0.03466417
2021-11-15,val,-0.05685741941305089,-0.034694195
2021-11-16,val,0.004043356514022989,-0.03394474
2021-11-17,val,-0.058925776813392616,-0.034995783
2021-11-18,val,0.021286811369122915,-0.03386864
2021-11-19,val,0.02780225578174189,-0.03291768
2021-11-20,val,-0.01840011172721745,-0.031012552
2021-11-21,val,-0.041595522086577574,-0.031952884
2021-11-22,val,0.022593256726112898,-0.03237064
2021-11-23,val,-0.007045993174740417,-0.031962603
2021-11-24,val,0.031420769895644796,-0.030279374
2021-11-25,val,-0.09283530341188495,-0.029891362
2021-11-26,val,0.018456297338405037,-0.029566938
2021-11-27,val,0.04565757795391967,-0.029309833
2021-11-28,val,0.009046806691619835,-0.027596595
2021-11-29,val,-0.014806843557561677,-0.029225158
2021-11-30,val,0.004176884886653909,-0.027790079
2021-12-01,val,-0.012396688768138375,-0.028317144
2021-12-02,val,-0.052361871196465515,-0.028912293
2021-12-03,val,-0.08552947105753184,-0.031165855
2021-12-04,val,0.004924784079451072,-0.029811313
2021-12-05,val,0.020904680695309708,-0.028164035
2021-12-06,val,0.0018964952957265524,-0.026627928
2021-12-07,val,-0.0020920435261047032,-0.026104122
2021-12-08,val,-0.060193657431698355,-0.024157513
2021-12-09,val,-0.008391280887531494,-0.022304047
2021-12-10,val,0.046329269462281886,-0.02102455
2021-12-11,val,0.013706905800230373,-0.021276547
2021-12-12,val,-0.06947299759413994,-0.019907974
2021-12-13,val,0.03448545063038111,-0.021084813
2021-12-14,val,0.010639447272870584,-0.019286705
2021-12-15,val,-0.025914690079384073,-0.017196154
2021-12-16,val,-0.03129698366567624,-0.01752953
2021-12-17,val,0.014898482481207509,-0.017411416
2021-12-18,val,-0.003683086347585629,-0.018132577
2021-12-19,val,0.005103561578682303,-0.016691078
2021-12-20,val,0.04150458024580672,-0.016721247
2021-12-21,val,-0.006277083368518177,-0.016055802
2021-12-22,val,0.044925836964321064,-0.017752709
2021-12-23,val,0.00018054237101239323,-0.016568078
2021-12-24,val,-0.008354537040821342,-0.018179411
2021-12-25,val,0.007378866455558963,-0.017936977
2021-12-26,val,-0.0016552478987001962,-0.017999187
2021-12-27,val,-0.06463988456914294,-0.018336581
2021-12-28,val,-0.022802831093331477,-0.020065574
2021-12-29,val,0.013908054360722844,-0.01943891
2021-12-30,val,-0.019518622442916467,-0.017043198
2021-12-31,val,0.032408932455290085,-0.015932987
2022-01-01,val,-0.009141357425072272,-0.01384058
2022-01-02,val,-0.01790837678582946,-0.01453094
2022-01-03,val,-0.013979220900109723,-0.016234964
2022-01-04,val,-0.05331352463569772,-0.015944058
2022-01-05,val,-0.008143383289747064,-0.016343165
2022-01-06,val,-0.035883330419336446,-0.01697495
2022-01-07,val,0.0028747160038093966,-0.01599176
2022-01-08,val,0.004587774449850812,-0.016592575
2022-01-09,val,-0.0012532768733226618,-0.016017478
2022-01-10,val,0.021977648861069454,-0.015688367
2022-01-11,val,0.026928561592139744,-0.014716458
2022-01-12,val,-0.0309548122721246,-0.015615106
2022-01-13,val,0.011884251399743917,-0.014910551
2022-01-14,val,0.00017357219509861466,-0.016572
2022-01-15,val,0.0001424551993576273,-0.015974032
2022-01-16,val,-0.02077678084623713,-0.016406652
2022-01-17,val,0.0035875209527205243,-0.015734166
2022-01-18,val,-0.01655051621562187,-0.01595567
2022-01-19,val,-0.024369341847968684,-0.016034236
2022-01-20,val,-0.10938273200225446,-0.015722603
2022-01-21,val,-0.038887575573221866,-0.014590805
2022-01-22,val,0.03409044195384503,-0.013973594
2022-01-23,val,0.011260017627623853,-0.012058716
2022-01-24,val,0.007782503814214081,-0.011265421
2022-01-25,val,-0.0037759137408936994,-0.008982254
2022-01-26,val,0.009394765772087865,-0.00689983
2022-01-27,val,0.01477480514509999,-0.005643759
2022-01-28,val,0.011831621039005924,-0.0054462943
2022-01-29,val,-0.007615772667506349,-0.0046273973
2022-01-30,val,0.015461877426027115,-0.006393738
2022-01-31,val,0.005827071716556276,-0.006954631
2022-02-01,val,-0.04743045507823673,-0.005977392
2022-02-02,val,0.010949656422919674,-0.0065388456
2022-02-03,val,0.10865714643970037,-0.007280702
2022-02-04,val,-0.005054004705513648,-0.0075736362
2022-02-05,val,0.02410782177473969,-0.010210935
2022-02-06,val,0.03368087508990314,-0.011856746
2022-02-07,val,0.00494625109349478,-0.011333834
2022-02-08,val,0.0074746732101562685,-0.013040507
2022-02-09,val,-0.02020989811332896,-0.012909841
2022-02-10,val,-0.026568539243307043,-0.014561802
2022-02-11,val,-0.0033439140785400667,-0.015874907
2022-02-12,val,-0.004031791055327361,-0.01620076
2022-02-13,val,0.011196034879993988,-0.015057623
2022-02-14,val,0.04671474672911913,-0.015695052
2022-02-15,val,-0.015551108001057301,-0.016049094
2022-02-16,val,-0.07960469931897762,-0.0168712
2022-02-17,val,-0.013740107064807106,-0.016019268
2022-02-18,val,0.0029563425643761576,-0.016514968
2022-02-19,val,-0.043652970497786825,-0.016197817
2022-02-20,val,-0.03623240055772037,-0.01685372
2022-02-21,val,0.03264291119529794,-0.017687993
2022-02-22,val,-0.026042104551693868,-0.018394213
2022-02-23,val,0.02854397337991621,-0.018676829
2022-02-24,val,0.022973776800538914,-0.018972808
2022-02-25,val,-0.0025691460574126523,-0.019293645
2022-02-26,val,-0.03697570965030472,-0.020126052
2022-02-27,val,0.13555753115126024,-0.020395592
2022-02-28,val,0.028468266251525876,-0.020257644
2022-03-01,val,-0.011943465682428211,-0.021489656
2022-03-02,val,-0.03352906063529204,-0.02080867
2022-03-03,val,-0.08084426843245929,-0.02128672
2022-03-04,val,0.00600544462085395,-0.021445956
2022-03-05,val,-0.02555182457713201,-0.020846803
2022-03-06,val,-0.01084741242896925,-0.019868976
2022-03-07,val,0.01968650314849718,-0.01858113
2022-03-08,val,0.07945830923610231,-0.017541755
2022-03-09,val,-0.061952030650370915,-0.017022943
2022-03-10,val,-0.01795386977054747,-0.016939467
2022-03-11,val,0.0020885928629823525,-0.014774075
2022-03-12,val,-0.026631592458828734,-0.01368811
2022-03-13,val,0.04857618132816022,-0.014775597
2022-03-14,val,-0.009524174568324995,-0.014817525
2022-03-15,val,0.04551225367233869,-0.014952796
2022-03-16,val,-0.004328556448198739,-0.014315074
2022-03-17,val,0.01993772685144002,-0.015262624
2022-03-18,val,0.010886788245285217,-0.016637214
2022-03-19,val,-0.022630890579792506,-0.017834302
2022-03-20,val,-0.006549568731852418,-0.018057737
2022-03-21,val,0.0326315702351323,-0.019266732
2022-03-22,val,0.012229571109482862,-0.019635994
2022-03-23,val,0.02560384709365593,-0.021232193
2022-03-24,val,0.007234467249256582,-0.022578254
2022-03-25,val,0.00467125939446511,-0.023916248
2022-03-26,val,0.05057658238984075,-0.025136478
2022-03-27,val,0.006275039892054579,-0.025879098
2022-03-28,val,0.0065385626111229556,-0.025949795
2022-03-29,val,-0.007958386788502025,-0.027164532
2022-03-30,val,-0.033469032566868506,-0.02509236
2022-03-31,val,0.016725503012184006,-0.025179358
2022-04-01,val,-0.01020540081999144,-0.027958866
2022-04-02,val,0.012919423959530718,-0.027307358
2022-04-03,val,0.003755581635559224,-0.029238693
2022-04-04,val,-0.023677340170019434,-0.030706378
2022-04-05,val,-0.052785808224694364,-0.029293757
2022-04-06,val,0.006591658393038102,-0.029691434
2022-04-07,val,-0.027772212682000585,-0.02956609
2022-04-08,val,0.011876329995022417,-0.031068899
2022-04-09,val,-0.014151879912263965,-0.03002263
2022-04-10,val,-0.06440489936735716,-0.030369725
2022-04-11,val,0.01382452272056156,-0.030332882
2022-04-12,val,0.026110359611855927,-0.0311342
2022-04-13,val,-0.029412448773628697,-0.030068455
2022-04-14,val,0.01491792650524637,-0.028923735
2022-04-15,val,-0.004125914001260611,-0.02800444
2022-04-16,val,-0.01758631501412644,-0.02714394
2022-04-17,val,0.02783333051173642,-0.025372578
2022-04-18,val,0.01701637135923839,-0.024089279
2022-04-19,val,-0.00304628073935298,-0.02447139
2022-04-20,val,-0.021911878618228187,-0.026116993
2022-04-21,val,-0.01916833033170562,-0.025054047
2022-04-22,val,-0.006223456561482266,-0.023307225
2022-04-23,val,-3.319378850896726e-05,-0.023826243
2022-04-24,val,0.024397052153689813,-0.023036182
2022-04-25,val,-0.059223160111480766,-0.021490129
2022-04-26,val,0.029402778062365797,-0.020711655
2022-04-27,val,0.012459536431249418,-0.02058849
2022-04-28,val,-0.029365756499306173,-0.019967563
2022-04-29,val,-0.024897268556408392,-0.018493565
2022-04-30,val,0.021781760720495313,-0.017581815
2022-05-01,val,0.0009830622607100992,-0.016780825
2022-05-02,val,-0.02076147029909059,-0.017705215
2022-05-03,val,0.0504045548188472,-0.015578145
2022-05-04,val,-0.08225267591137353,-0.015469188
2022-05-05,val,-0.014837528904834585,-0.01569149
2022-05-06,val,-0.015145040667414733,-0.017085254
2022-05-07,val,-0.041167827246734845,-0.015348306
2022-05-08,val,-0.12337808609964185,-0.01697152
2022-05-09,val,0.030261314157723262,-0.016638057
2022-05-10,val,-0.06772271655458795,-0.0147044975
2022-05-11,val,-0.0010494820117568082,-0.015541552
2022-05-12,val,0.009978057530968698,-0.016640209
2022-05-13,val,0.027322250907896972,-0.014341626
2022-05-14,val,0.04070774747407491,-0.0121917
2022-05-15,val,-0.04745406663244367,-0.014215419
2022-05-16,val,0.018995124167581423,-0.013803083
2022-05-17,val,-0.058887392315938314,-0.014235666
2022-05-18,val,0.05435492596728686,-0.011676541
2022-05-19,val,-0.03765659790182596,-0.011014191
2022-05-20,val,0.008623438347067136,-0.011963081
2022-05-21,val,0.028579871507226073,-0.0114260595
2022-05-22,val,-0.03971815236574905,-0.010955464
2022-05-23,val,0.01852989946158523,-0.012353448
2022-05-24,val,-0.004158644435896974,-0.012686983
2022-05-25,val,-0.011502856953889307,-0.012180405
2022-05-26,val,-0.01965807930835517,-0.011738611
2022-05-27,val,0.0142581567756217,-0.012075156
2022-05-28,val,0.014988632539530755,-0.012454277
2022-05-29,val,0.07408245388793055,-0.013646901
2022-05-30,val,0.0022877232557476646,-0.0136985835
2022-05-31,val,-0.06483244338627081,-0.0131246615
2022-06-01,val,0.021420041723899885,-0.013176328
2022-06-02,val,-0.025387107608404236,-0.013075579
2022-06-03,val,0.00579125566333083,-0.010901801
2022-06-04,val,0.001953646064858816,-0.010083364
2022-06-05,val,0.047100434465008334,-0.010122934
2022-06-06,val,-0.007580759023465333,-0.0088316295
2022-06-07,val,-0.030349614708256922,-0.011340531
2022-06-08,val,-0.0032321787971927307,-0.011631139
2022-06-09,val,-0.034378193648503697,-0.011462776
2022-06-10,val,-0.023480959482434116,-0.012682693
2022-06-11,val,-0.06676312750786373,-0.010727918
2022-06-12,val,-0.16744644911700846,-0.01175463
2022-06-13,val,-0.01528565768789214,-0.012697939
2022-06-14,val,0.019788222859258298,-0.009719623
2022-06-15,val,-0.10212029241631626,-0.009752257
2022-06-16,val,0.003716822513959883,-0.011501541
2022-06-17,val,-0.07613287692136694,-0.011186784
2022-06-18,val,0.08123431407206105,-0.01035808
2022-06-19,val,-0.00013089326889037523,-0.010954527
2022-06-20,val,0.007138054164848029,-0.01287817
2022-06-21,val,-0.035832800802323206,-0.010537492
2022-06-22,val,0.05532988993892829,-0.007871134
2022-06-23,val,0.005635505416702102,-0.011500943
2022-06-24,val,0.011911593668811449,-0.010981645
2022-06-25,val,-0.02117993930633233,-0.011716692
2022-06-26,val,-0.014502174857240036,-0.011320762
2022-06-27,val,-0.023051404222552918,-0.009953441
2022-06-28,val,-0.00783692193319041,-0.010461489
2022-06-29,val,-0.005447562536247119,-0.009723486
2022-06-30,val,-0.03735858786980195,-0.007912716
2022-07-01,val,-0.001493368097460035,-0.011485053
2022-07-02,val,0.0034947131998599446,-0.010885542
2022-07-03,val,0.04658855561702424,-0.01166511
2022-07-04,val,-0.002865861028004346,-0.012498386
2022-07-05,val,0.019125719544167197,-0.012795163
2022-07-06,val,0.050864825965691196,-0.014279228
2022-07-07,val,-0.0015001114006540917,-0.015254678
2022-07-08,val,8.293527879210671e-05,-0.014402127
2022-07-09,val,-0.03456671334030936,-0.014833489
2022-07-10,val,-0.04453550011335672,-0.013821457
2022-07-11,val,-0.032555425504426694,-0.013463462
2022-07-12,val,0.04638939120294516,-0.0152288005
2022-07-13,val,0.017491330739812128,-0.01849585
2022-07-14,val,0.0121017103924288,-0.020831492
2022-07-15,val,0.017237641166991224,-0.021668997
2022-07-16,val,-0.01895847825176311,-0.02352934
2022-07-17,val,0.07573476728329709,-0.02250833
2022-07-18,val,0.042234329230698364,-0.021381963
2022-07-19,val,-0.007209924405501056,-0.023609215
2022-07-20,val,-0.00314914034118452,-0.023761075
2022-07-21,val,-0.020343778340878416,-0.025705133
2022-07-22,val,-0.010500697195347186,-0.024104394
2022-07-23,val,0.005895102842798039,-0.019504987
2022-07-24,val,-0.05787999944592492,-0.021248864
2022-07-25,val,-0.002435234291088051,-0.020337455
2022-07-26,val,0.07696515217909194,-0.02129024
2022-07-27,val,0.03798912365270901,-0.022984594
2022-07-28,val,-0.0028213856091472422,-0.021707134
2022-07-29,val,-0.005665496259396718,-0.023126999
2022-07-30,val,-0.014595988844854801,-0.022860425
2022-07-31,val,-0.001441780534978676,-0.02220965
2022-08-01,val,-0.012297602240840533,-0.023489991
2022-08-02,val,-0.0071768136498810975,-0.022293944
2022-08-03,val,-0.008847788821306324,-0.022628784
2022-08-04,val,0.03033745735313964,-0.029109864
2022-08-05,val,-0.015552019155334662,-0.029942961
2022-08-06,val,0.009383158648111234,-0.030954463
2022-08-07,val,0.02716569309715844,-0.02928613
2022-08-08,val,-0.027990975442772736,-0.029588696
2022-08-09,val,0.03412480192329603,-0.028080072
2022-08-10,val,-0.0007230670379385629,-0.027996086
2022-08-11,val,0.01945138295795701,-0.028519923
2022-08-12,val,0.0016905503674635725,-0.030113343
2022-08-13,val,-0.005731852029214224,-0.029769057
2022-08-14,val,-0.009042388367948462,-0.030863263
2022-08-15,val,-0.010004723144517058,-0.030247642
2022-08-16,val,-0.021897902692405324,-0.030376699
2022-08-17,val,-0.006520889039496325,-0.02973521
2022-08-18,val,-0.1070664799965737,-0.028889889
2022-08-19,val,0.01449917083701635,-0.028795734
2022-08-20,val,0.017788050905679142,-0.028654693
2022-08-21,val,-0.005609463860290376,-0.026920006
2022-08-22,val,0.006061063702192726,-0.027153369
2022-08-23,val,-0.007516914803135322,-0.026419627
2022-08-24,val,0.009072721309550502,-0.026712272
2022-08-25,val,-0.06322959628257863,-0.026255753
2022-08-26,val,-0.010131323995111075,-0.02598777
2022-08-27,val,-0.02438368961872328,-0.022423018
2022-08-28,val,0.03679740474333393,-0.01842407
2022-08-29,val,-0.023631939938168145,-0.01774797
2022-08-30,val,0.011795498843900631,-0.018677043
2022-08-31,val,0.004250177681472067,-0.017470276
2022-09-01,val,-0.00897595018829378,-0.017000014
2022-09-02,val,-0.0059448452641621685,-0.013022756
2022-09-03,val,0.008496996418941194,-0.009108206
2022-09-04,val,-0.010560582738436963,-0.008070363
2022-09-05,val,-0.05203492058519288,-0.00836792
2022-09-06,val,0.026396045969772075,-0.007887183
2022-09-07,val,0.0014683267522883625,-0.008481579
2022-09-08,val,0.10049305106990758,-0.008242691
2022-09-09,val,0.013344993775623593,-0.0069640465
2022-09-10,val,0.008288298276855954,-0.0075566527
2022-09-11,val,0.025817975573009022,-0.0073674936
2022-09-12,val,-0.10474862417442665,-0.0061644726
2022-09-13,val,0.002623103263724502,-0.0077195875
2022-09-14,val,-0.026251499965862735,-0.005823452
2022-09-15,val,0.004929548764074809,-0.0053028967
2022-09-16,val,0.015650306490515575,-0.0055759866
2022-09-17,val,-0.03520283678746594,-0.00416814
2022-09-18,val,0.006301162436495034,-0.0049153473
2022-09-19,val,-0.0345436116446578,-0.0069110338
2022-09-20,val,-0.022190251301362096,-0.008576345
2022-09-21,val,0.04958826621612111,-0.008201322
2022-09-22,val,-0.0059575343843629724,-0.0113650635
2022-09-23,val,-0.018991280084179607,-0.011981759
2022-09-24,val,-0.006073938795655209,-0.015036469
2022-09-25,val,0.022052806312654383,-0.014412513
2022-09-26,val,-0.007854250612920666,-0.020899415
2022-09-27,val,0.017381738134570668,-0.021204595
2022-09-28,val,0.009408482728481715,-0.02145052
2022-09-29,val,-0.00868548280358361,-0.02583217
2022-09-30,val,-0.005722062684744955,-0.026866756
2022-10-01,val,-0.01334762421029545,-0.027823372
2022-10-02,val,0.029686902998300013,-0.02706573
2022-10-03,val,0.03560926673243081,-0.027885359
2022-10-04,val,-0.009063723196391038,-0.026978334
2022-10-05,val,-0.009768001017990358,-0.028559592
2022-10-06,val,-0.021904893409368853,-0.028935917
2022-10-07,val,-0.005835851236938083,-0.03093728
2022-10-08,val,0.0012392295925529595,-0.03152979
2022-10-09,val,-0.0161055733546398,-0.030454306
2022-10-10,val,-0.003912974927498425,-0.028897746
2022-10-11,val,0.005119073470753577,-0.03031709
2022-10-12,val,0.0115601383591315,-0.031424478
2022-10-13,val,-0.010408155862075219,-0.032265697
2022-10-14,val,-0.005634783985978942,-0.032390773
2022-10-15,val,0.010131904651620616,-0.034613334
2022-10-16,val,0.01473483718299029,-0.03587066
2022-10-17,val,-0.01140160440872151,-0.03588965
2022-10-18,val,-0.010640639194987145,-0.036396634
2022-10-19,val,-0.004281229994420599,-0.036723565
2022-10-20,val,0.006489081741483105,-0.036805015
2022-10-21,val,0.002222770360820192,-0.037138805
2022-10-22,val,0.018738329185328695,-0.033600096
2022-10-23,val,-0.012442950720780388,-0.032157186
2022-10-24,val,0.038357491382893016,-0.031583406
2022-10-25,val,0.03373259953537122,-0.032018885
2022-10-26,val,-0.023297980643654626,-0.033418164
2022-10-27,val,0.014718000514363894,-0.033573095
2022-10-28,val,0.010893982988328332,-0.032500677
2022-10-29,val,-0.009304309079956496,-0.029513514
2022-10-30,val,-0.006845254257354938,-0.029916996
2022-10-31,val,-0.0005033003869758801,-0.029781315
2022-11-01,val,-0.01615696871452421,-0.03069604
2022-11-02,val,0.002749375590241243,-0.029439352
2022-11-03,val,0.04534249572784255,-0.030283466
2022-11-04,val,0.007362563047358606,-0.030278334
2022-11-05,val,-0.01854038052641016,-0.030943226
2022-11-06,val,-0.015212812292965339,-0.03180521
2022-11-07,val,-0.10449174038182285,-0.033661246
2022-11-08,val,-0.1546699450920741,-0.0313017
2022-11-09,val,0.099462256812755,-0.031516716
2022-11-10,val,-0.031261378016004926,-0.033773147
2022-11-11,val,-0.013628067869543514,-0.03423039
2022-11-12,val,-0.029135751636172103,-0.032680955
2022-11-13,val,0.017593725394828397,-0.030362206
2022-11-14,val,0.01716274567097642,-0.029108206
2022-11-15,val,-0.013882561648935976,-0.029353876
2022-11-16,val,0.002114284324250093,-0.026756452
2022-11-17,val,7.194016017564309e-06,-0.02008178
2022-11-18,val,0.00014566769029400461,-0.02180139
2022-11-19,val,-0.026142846733320013,-0.020234212
2022-11-20,val,-0.030764621325641173,-0.02118992
2022-11-21,val,0.02750937320453417,-0.022582246
2022-11-22,val,0.023625915180364387,-0.022665065
2022-11-23,val,3.6775112054243664e-05,-0.022090878
2022-11-24,val,-0.004635262272953966,-0.022132894
2022-11-25,val,-0.003638758295258171,-0.021066122
2022-11-26,val,-0.0018892147309497176,-0.021376234
2022-11-27,val,-0.013092740307255823,-0.02089326
2022-11-28,val,0.014195672196764875,-0.021406943
2022-11-29,val,0.04341243130543759,-0.021852585
2022-11-30,val,-0.010967266734436265,-0.020905655
2022-12-01,val,0.006728166625496357,-0.021032296
2022-12-02,val,-0.01213436563853243,-0.019309113
2022-12-03,val,0.012964102664192012,-0.016482837
2022-12-04,val,-0.008384507496652205,-0.013148462
2022-12-05,val,0.007223619067419307,-0.0109076835
2022-12-06,val,-0.014680898705051959,-0.0103173535
2022-12-07,val,0.022663442070454565,-0.010959102
2022-12-08,val,-0.005554696643194745,-0.009729674
2022-12-09,val,-0.0001453645778273227,-0.0103281755
2022-12-10,val,-0.0025072126881386936,-0.010864718
2022-12-11,val,0.0073738841455366355,-0.01097597
2022-12-12,val,0.032103518327383895,-0.010061169
2022-12-13,val,0.0017870523599619048,-0.011572182
2022-12-14,val,-0.025426441001908273,-0.013988534
2022-12-15,val,-0.042684160952592975,-0.015542876
2022-12-16,val,0.008954750396425126,-0.01791369
2022-12-17,val,-0.002451422488192634,-0.021025602
2022-12-18,val,-0.018168783344270523,-0.019954003
2022-12-19,val,0.027472984587973315,-0.022589644
2022-12-20,val,-0.0042159686052496426,-0.02109523
2022-12-21,val,-0.0006569156058109371,-0.0205558
2022-12-22,val,-0.0022802569482482937,-0.020959549
2022-12-23,val,0.0035645549642033814,-0.02227816
2022-12-24,val,-0.0004811956557109198,-0.020125968
2022-12-25,val,0.005271002378385958,-0.020165259
2022-12-26,val,-0.013043110906631128,-0.020472072
2022-12-27,val,-0.00957153546979228,-0.019476831
2022-12-28,val,0.005299223669894104,-0.0194903
2022-12-29,val,-0.0016516373860913092,-0.01794437
2022-12-30,val,-0.0042106342082490755,-0.018929193
2022-12-31,val,0.004901957288394598,-0.017525624
2023-01-30,test,0.012741636571657722,-0.027539572
2023-01-31,test,0.025910430696795217,-0.026999032
2023-02-01,test,-0.010253359955710195,-0.027266297
2023-02-02,test,-0.0025699296737986543,-0.027110979
2023-02-03,test,-0.004476680085762297,-0.028305361
2023-02-04,test,-0.016969097040631098,-0.028940246
2023-02-05,test,-0.0075391365619879025,-0.026733516
2023-02-06,test,0.020892442673455136,-0.025759755
2023-02-07,test,-0.012131538632090155,-0.02655351
2023-02-08,test,-0.05200545134822221,-0.025848491
2023-02-09,test,-0.007905248676516763,-0.026570003
2023-02-10,test,0.010795479699032384,-0.028233856
2023-02-11,test,-0.003387129090409502,-0.02673993
2023-02-12,test,-3.0289860196930363e-05,-0.027402876
2023-02-13,test,0.018963000902182614,-0.027197206
2023-02-14,test,0.09129601712290558,-0.028311927
2023-02-15,test,-0.03398327940155177,-0.0293641
2023-02-16,test,0.04414803985725513,-0.028678179
2023-02-17,test,0.0023826646996312206,-0.028802147
2023-02-18,test,-0.014511205105035785,-0.029733565
2023-02-19,test,0.02294839895979983,-0.028184058
2023-02-20,test,-0.015843931964406366,-0.029036336
2023-02-21,test,-0.011101934443908945,-0.028972464
2023-02-22,test,-0.010020080610766868,-0.028783021
2023-02-23,test,-0.03210276908235876,-0.028360171
2023-02-24,test,-0.0011724704282460863,-0.027553307
2023-02-25,test,0.017001668608370935,-0.027448004
2023-02-26,test,-0.0028614354111127227,-0.027213376
2023-02-27,test,-0.014761763966733454,-0.027536443
2023-02-28,test,0.020788813872655965,-0.027520563
2023-03-01,test,-0.006933396437645456,-0.026882166
2023-03-02,test,-0.04845576807770691,-0.02858123
2023-03-03,test,-0.0003234238761979924,-0.028501589
2023-03-04,test,0.0036504442591311914,-0.027068553
2023-03-05,test,-0.000998149180835739,-0.02525478
2023-03-06,test,-0.009497302761683812,-0.025116125
2023-03-07,test,-0.022786675547941115,-0.025929496
2023-03-08,test,-0.06332070753992625,-0.026353696
2023-03-09,test,-0.006745829283005378,-0.026363412
2023-03-10,test,0.01911706071791741,-0.026256917
2023-03-11,test,0.07466371280115602,-0.02533849
2023-03-12,test,0.08622735891105293,-0.027953628
2023-03-13,test,0.022157731428068317,-0.029654363
2023-03-14,test,-0.01568984121059991,-0.030722419
2023-03-15,test,0.02730104875692163,-0.031099007
2023-03-16,test,0.09155035829974345,-0.031403154
2023-03-17,test,-0.017389212131337928,-0.034289785
2023-03-18,test,0.039038797844050066,-0.037942626
2023-03-19,test,-0.008273103131461568,-0.038231533
2023-03-20,test,0.013707355266040722,-0.03867147
2023-03-21,test,-0.03177434972033666,-0.040841594
2023-03-22,test,0.036923204974572243,-0.040544406
2023-03-23,test,-0.030936073122500574,-0.039227165
2023-03-24,test,-3.856128571122497e-05,-0.039302163
2023-03-25,test,0.01819481249956567,-0.038050696
2023-03-26,test,-0.030836509802689704,-0.03728155
2023-03-27,test,0.004824970374592397,-0.03725095
2023-03-28,test,0.03902411434030739,-0.039195694
2023-03-29,test,-0.011492630619782673,-0.037527937
2023-03-30,test,0.01553458711184419,-0.036399767
2023-03-31,test,-0.00010325596988458585,-0.036822855
2023-04-01,test,-0.009993764764017143,-0.03698995
2023-04-02,test,-0.013449104871346762,-0.036297496
2023-04-03,test,0.013140418980205126,-0.03778297
2023-04-04,test,-0.00015153932216982469,-0.038191494
2023-04-05,test,-0.00433621652879701,-0.03648088
2023-04-06,test,-0.00434113861263441,-0.035638135
2023-04-07,test,0.0009615187511400336,-0.035468403
2023-04-08,test,0.013576810950615581,-0.03644304
2023-04-09,test,0.04550399333598598,-0.0356784
2023-04-10,test,0.018928690506358592,-0.033505302
2023-04-11,test,-0.010475426519475306,-0.033636183
2023-04-12,test,0.016399185929079962,-0.03415664
2023-04-13,test,0.002828915657927311,-0.031560685
2023-04-14,test,-0.005551419841964389,-0.031927936
2023-04-15,test,6.529244753217256e-05,-0.030320425
2023-04-16,test,-0.02931754405902609,-0.029279152
2023-04-17,test,0.03153462551249753,-0.026610369
2023-04-18,test,-0.05351264937667288,-0.02681777
2023-04-19,test,-0.019683799463262375,-0.024849022
2023-04-20,test,-0.03583423520510287,-0.024871292
2023-04-21,test,0.020611072639635353,-0.023554815
2023-04-22,test,-0.008244475627734005,-0.023506247
2023-04-23,test,-0.002828264844428219,-0.02467659
2023-04-24,test,0.028284848498669746,-0.023409707
2023-04-25,test,0.004289057438409571,-0.025333952
2023-04-26,test,0.03653121296801132,-0.02301325
2023-04-27,test,-0.004933168914341479,-0.022259885
2023-04-28,test,-0.003047726482718005,-0.025012631
2023-04-29,test,-7.556008919706869e-05,-0.028281923
2023-04-30,test,-0.04082143891052681,-0.02736375
2023-05-01,test,0.02139306877057301,-0.026074577
2023-05-02,test,0.012277723973461718,-0.02704412
2023-05-03,test,-0.006270576809724204,-0.02689219
2023-05-04,test,0.023275021157028064,-0.028140137
2023-05-05,test,-0.021701956895023855,-0.029347768
2023-05-06,test,-0.014923628915051168,-0.03107795
2023-05-07,test,-0.0277559455515064,-0.032989252
2023-05-08,test,-0.001726345623701775,-0.03262835
2023-05-09,test,-0.0008423902233776204,-0.030708998
2023-05-10,test,-0.023346357797615624,-0.028628414
2023-05-11,test,-0.006607280419782313,-0.027492575
2023-05-12,test,-0.0007224107338412722,-0.026206719
2023-05-13,test,0.005230891016619665,-0.026252557
2023-05-14,test,0.008914848405314757,-0.026533695
2023-05-15,test,-0.004923563885109061,-0.028441787
2023-05-16,test,0.013595101158838219,-0.029544214
2023-05-17,test,-0.021660402201664652,-0.028826008
2023-05-18,test,0.002598363503324208,-0.025844023
2023-05-19,test,0.008271304702777371,-0.02814699
2023-05-20,test,-0.01340228198461979,-0.02749062
2023-05-21,test,0.0038084354572909263,-0.029309884
2023-05-22,test,0.013628316284812314,-0.029266255
2023-05-23,test,-0.03368798906616277,-0.029338865
2023-05-24,test,0.005971935417433016,-0.029239194
2023-05-25,test,0.008865732945118054,-0.030044721
2023-05-26,test,0.00571565032016963,-0.02846055
2023-05-27,test,0.043767200167099674,-0.027668986
2023-05-28,test,-0.011653659280295159,-0.028251952
2023-05-29,test,-0.001611327760301151,-0.02739044
2023-05-30,test,-0.017372685424932754,-0.027511423
2023-05-31,test,-0.014603369515683085,-0.0273581
2023-06-01,test,0.01561706848912614,-0.028806439
2023-06-02,test,-0.006372024065530724,-0.028461954
2023-06-03,test,0.001639863658091656,-0.027124112
2023-06-04,test,-0.052242205953826115,-0.026064195
2023-06-05,test,0.05671525678656231,-0.024284696
2023-06-06,test,-0.03348770949367719,-0.024538362
2023-06-07,test,0.006126623159273592,-0.02466579
2023-06-08,test,-0.0009628027170069942,-0.027365964
2023-06-09,test,-0.023949293358018764,-0.026626883
2023-06-10,test,0.0031247418901187984,-0.027014857
2023-06-11,test,-0.0012036379089863658,-0.025813153
2023-06-12,test,0.000941815659347256,-0.026197296
2023-06-13,test,-0.031612175001139775,-0.025365444
2023-06-14,test,0.017622103674915124,-0.024999358
2023-06-15,test,0.02927438337667354,-0.024131259
2023-06-16,test,0.006698467930849716,-0.023749052
2023-06-17,test,-0.006437958599459392,-0.023878636
2023-06-18,test,0.018856305385243743,-0.023647359
2023-06-19,test,0.05377285601304216,-0.023561891
2023-06-20,test,0.05744991588661641,-0.02295288
2023-06-21,test,-0.003632852197497982,-0.023849802
2023-06-22,test,0.02710999059627106,-0.025315316
2023-06-23,test,-0.005238132946779217,-0.027163731
2023-06-24,test,-0.0021937688614848128,-0.025925092
2023-06-25,test,-0.006849465862609705,-0.02702734
2023-06-26,test,0.013948169991186532,-0.028397406
2023-06-27,test,-0.020485042085487848,-0.028637782
2023-06-28,test,0.012277792839071822,-0.028383153
2023-06-29,test,0.0006648806521543094,-0.027488831
2023-06-30,test,0.003947007389196955,-0.029368982
2023-07-01,test,0.0008594670657124936,-0.029893141
2023-07-02,test,0.017751570908853154,-0.02887751
2023-07-03,test,-0.012612173208053079,-0.027567828
2023-07-04,test,-0.008878063592515417,-0.030286213
2023-07-05,test,-0.0198650045050055,-0.030625181
2023-07-06,test,0.015027304534131147,-0.03299237
2023-07-07,test,-0.0019916314556933656,-0.033967763
2023-07-08,test,-0.004079061469061784,-0.033873178
2023-07-09,test,0.008302314777457909,-0.033395752
2023-07-10,test,0.006770609046501619,-0.03234131
2023-07-11,test,-0.00802320576596749,-0.032000273
2023-07-12,test,0.035248785942206595,-0.03252753
2023-07-13,test,-0.03693839371057095,-0.033236705
2023-07-14,test,-0.0009522998164772645,-0.033010237
2023-07-15,test,-0.0017840015737462522,-0.031038517
2023-07-16,test,-0.0034627871461268,-0.030168599
2023-07-17,test,-0.009370952772894015,-0.030737938
2023-07-18,test,0.0018330964430379737,-0.02987322
2023-07-19,test,-0.0036027990017029055,-0.02934807
2023-07-20,test,0.0033106119932533318,-0.028486714
2023-07-21,test,-0.003783733341261808,-0.029823206
2023-07-22,test,0.00957242050667162,-0.028066505
2023-07-23,test,-0.03053397939174296,-0.02737483
2023-07-24,test,0.0016492555721079327,-0.027081978
2023-07-25,test,0.0043732935604321455,-0.02716841
2023-07-26,test,-0.004723053642956998,-0.026025176
2023-07-27,test,0.0034590210270621924,-0.0258664
2023-07-28,test,0.0013485171935911922,-0.028570684
2023-07-29,test,-0.0025349152600337987,-0.028510612
2023-07-30,test,-0.001733660127625214,-0.028167963
2023-07-31,test,0.01583662187561785,-0.028520165
2023-08-01,test,-0.018112506929337968,-0.02976531
2023-08-02,test,0.0003414560597061467,-0.02967721
2023-08-03,test,-0.003354471575564233,-0.03238871
2023-08-04,test,-0.001010260978230093,-0.029668607
2023-08-05,test,-0.00024480465932796847,-0.030847158
2023-08-06,test,0.0047819350810947014,-0.031594858
2023-08-07,test,0.0200450415460125,-0.03028403
2023-08-08,test,-0.006986049796779525,-0.03262245
2023-08-09,test,-0.004703773702178893,-0.033672825
2023-08-10,test,-0.0008017070873549415,-0.034038402
2023-08-11,test,0.0005613984170196318,-0.034112364
2023-08-12,test,-0.004805360490395927,-0.03402719
2023-08-13,test,0.00441537332918962,-0.03457448
2023-08-14,test,-0.008035808286157575,-0.036436595
2023-08-15,test,-0.016230690677069504,-0.037956357
2023-08-16,test,-0.07496774744966572,-0.037386782
2023-08-17,test,-0.021971988266022535,-0.036781058
2023-08-18,test,0.001822983242899312,-0.036846727
2023-08-19,test,0.0035466808500590474,-0.037972115
2023-08-20,test,-0.0024452208064111858,-0.03758884
2023-08-21,test,-0.0031847569698424394,-0.03743404
2023-08-22,test,0.014691804990860646,-0.039154194
2023-08-23,test,-0.010041720757774542,-0.037439182
2023-08-24,test,-0.004370576058148501,-0.03759405
2023-08-25,test,-0.0015282663033300281,-0.037487924
2023-08-26,test,0.0031304745245908094,-0.037077084
2023-08-27,test,0.00037860063833328184,-0.038261473
2023-08-28,test,0.060106139815486515,-0.03544074
2023-08-29,test,-0.014972644514152478,-0.036833875
2023-08-30,test,-0.05161357533994959,-0.035792686
2023-08-31,test,-0.005319057618027756,-0.033997685
2023-09-01,test,0.0028240891151192216,-0.03425134
2023-09-02,test,0.00393536790204152,-0.03342677
2023-09-03,test,-0.005935989264802544,-0.03383454
2023-09-04,test,-0.001248836403519249,-0.03164222
2023-09-05,test,-0.0014080699313172573,-0.03149803
2023-09-06,test,0.02032480818899174,-0.029712914
2023-09-07,test,-0.014179665833278676,-0.030927984
2023-09-08,test,-0.000328931115834763,-0.029981593
2023-09-09,test,-0.0025540526681293585,-0.030957347
2023-09-10,test,-0.026661760221642794,-0.030188544
2023-09-11,test,0.027004303057843515,-0.030559216
2023-09-12,test,0.014828783920126654,-0.030838128
2023-09-13,test,0.011604126541532978,-0.031192549
2023-09-14,test,0.002621993184495963,-0.030612178
2023-09-15,test,-0.001231096683346422,-0.03163467
2023-09-16,test,-0.001459116382521941,-0.03241147
2023-09-17,test,0.008764032900941743,-0.031424567
2023-09-18,test,0.016733803315958085,-0.030177444
2023-09-19,test,-0.0033930794880649984,-0.03061163
2023-09-20,test,-0.02083948902036603,-0.031169234
2023-09-21,test,0.0005216121017870279,-0.0315736
2023-09-22,test,4.51484254568868e-05,-0.031864524
2023-09-23,test,-0.012468872409929332,-0.02966063
2023-09-24,test,0.0017447467921112292,-0.03172542
2023-09-25,test,-0.003338382348573532,-0.03265273
2023-09-26,test,0.005675920945924062,-0.034424096
2023-09-27,test,0.025084129086733853,-0.03481774
2023-09-28,test,-0.0044550705252,-0.036058776
2023-09-29,test,0.002004901540370696,-0.036123544
2023-09-30,test,0.03765097682713936,-0.03565672
2023-10-01,test,-0.01770945119813483,-0.03663625
2023-10-02,test,-0.002733513434563406,-0.03895358
2023-10-03,test,0.012959898833969419,-0.039460734
2023-10-04,test,-0.013543394103789907,-0.039637107
2023-10-05,test,0.019228481812254117,-0.041344486
2023-10-06,test,0.0011179938791467947,-0.041307397
2023-10-07,test,-0.0015338946072773751,-0.043576166
2023-10-08,test,-0.012133362082959565,-0.04412429
2023-10-09,test,-0.007397020377633012,-0.04449507
2023-10-10,test,-0.019317815862754273,-0.044697106
2023-10-11,test,-0.004426738448911394,-0.04354038
2023-10-12,test,0.004216066068249091,-0.043789387
2023-10-13,test,-0.0004400985713104433,-0.043290593
2023-10-14,test,0.012377410696874591,-0.044600822
2023-10-15,test,0.04790709388330683,-0.045226805
2023-10-16,test,-0.003913998322040868,-0.043385096
2023-10-17,test,-0.002901897045759938,-0.045449078
2023-10-18,test,0.01432960885986212,-0.04678078
2023-10-19,test,0.0325050480284812,-0.04728341
2023-10-20,test,0.008056132551164552,-0.04858797
2023-10-21,test,0.002646800698656193,-0.04857944
2023-10-22,test,0.09782227995348869,-0.049277417
2023-10-23,test,0.02492111523518048,-0.049410667
2023-10-24,test,0.01706426445475273,-0.05028709
2023-10-25,test,-0.010242867628114993,-0.04940411
2023-10-26,test,-0.007305853173932064,-0.052693196
2023-10-27,test,0.00527508260497811,-0.05422133
2023-10-28,test,0.013088518364547497,-0.053795353
2023-10-29,test,-0.0011789374038464473,-0.053741165
2023-10-30,test,0.004703104929529189,-0.055091187
2023-10-31,test,0.022361534638429603,-0.05633593
2023-11-01,test,-0.013925478723509244,-0.054850914
2023-11-02,test,-0.006278034783612441,-0.054207675
2023-11-03,test,0.010190542606999031,-0.05431859
2023-11-04,test,-0.0014714267405757653,-0.056066774
2023-11-05,test,0.0006859274441310959,-0.0558383
2023-11-06,test,0.010126124222997746,-0.05496055
2023-11-07,test,0.006272590100490305,-0.054811217
2023-11-08,test,0.029512111443281697,-0.05598098
2023-11-09,test,0.01670248585327272,-0.053777583
2023-11-10,test,-0.004987927313271356,-0.054731213
2023-11-11,test,-0.0014305126780751465,-0.056431815
2023-11-12,test,-0.016594885849595897,-0.05782345
2023-11-13,test,-0.025590264127824724,-0.056119025
2023-11-14,test,0.06350929496751334,-0.058468282
2023-11-15,test,-0.04657915570993687,-0.05751817
2023-11-16,test,0.012892612631674183,-0.056097604
2023-11-17,test,-0.0009693375737338528,-0.05688765
2023-11-18,test,0.02152650200063988,-0.05648558
2023-11-19,test,0.002256006720674719,-0.057070047
2023-11-20,test,-0.04708798701940253,-0.055218287
2023-11-21,test,0.04571735838651847,-0.053936727
2023-11-22,test,-0.00321859341802444,-0.053784527
2023-11-23,test,0.01177337110325638,-0.051560424
2023-11-24,test,0.0015922847324425504,-0.047128152
2023-11-25,test,-0.009119381992430675,-0.049544446
2023-11-26,test,-0.005920952096611032,-0.048679743
2023-11-27,test,0.015893538449125444,-0.04913136
2023-11-28,test,0.0006758069055834426,-0.045780376
2023-11-29,test,-0.003480870453437035,-0.04560019
2023-11-30,test,0.025415372228676958,-0.045643676
2023-12-01,test,0.019836549746361953,-0.045406148
2023-12-02,test,0.012732013523717,-0.044302963
2023-12-03,test,0.048866130609450664,-0.044750348
2023-12-04,test,0.04873998893718756,-0.042714216
2023-12-05,test,-0.007293047431845778,-0.044058032
2023-12-06,test,-0.011100119715688805,-0.043887086
2023-12-07,test,0.020850879464495264,-0.04399631
2023-12-08,test,-0.010683466620726279,-0.04433748
2023-12-09,test,0.001609517500313018,-0.045141123
2023-12-10,test,-0.06033282719145916,-0.045780055
2023-12-11,test,0.005991771949222624,-0.042869933
2023-12-12,test,0.03338624668683465,-0.042617604
2023-12-13,test,0.0033110150205324373,-0.040638443
2023-12-14,test,-0.025751390649096706,-0.04257883
2023-12-15,test,0.0072091495930113325,-0.042120747
2023-12-16,test,-0.021240974079043795,-0.043296188
2023-12-17,test,0.03096500234041777,-0.042370412
2023-12-18,test,-0.009039322948417805,-0.043616995
2023-12-19,test,0.032782404379844365,-0.04161319
2023-12-20,test,0.0045813853710505725,-0.04267504
2023-12-21,test,0.0031496554900236617,-0.041897066
2023-12-22,test,-0.006550735483109804,-0.04142016
2023-12-23,test,-0.01616885584725125,-0.042632177
2023-12-24,test,0.01303815631155203,-0.041315876
2023-12-25,test,-0.024950774729482816,-0.041072793
2023-12-26,test,0.022302838161575522,-0.03979715
2023-12-27,test,-0.020758713260601525,-0.041382253
2023-12-28,test,-0.012234353261197484,-0.03718777
2023-12-29,test,0.0018426578241719227,-0.03720524
2023-12-30,test,0.003482926290745425,-0.03748981
2023-12-31,test,0.044690037647921343,-0.040037893
2024-01-01,test,0.016863048224612598,-0.039154112
2024-01-02,test,-0.04806194461264823,-0.039119206
2024-01-03,test,0.03057704964156649,-0.038340397
2024-01-04,test,-0.0001516182192791149,-0.038280696
2024-01-05,test,-0.004403548411316294,-0.037783917
2024-01-06,test,-0.0009588059871212806,-0.036026984
2024-01-07,test,0.06698434596905756,-0.03429167
2024-01-08,test,-0.018708184593632993,-0.033886753
2024-01-09,test,0.011683048936307117,-0.035972036
2024-01-10,test,-0.006955286129121774,-0.034491427
2024-01-11,test,-0.08015515539043427,-0.036235757
2024-01-12,test,0.0015488420890168442,-0.03723628
2024-01-13,test,-0.02701950789023222,-0.035792366
2024-01-14,test,0.01883542173368724,-0.034772262
2024-01-15,test,0.014956724466706817,-0.03409926
2024-01-16,test,-0.009105926974251943,-0.033440784
2024-01-17,test,-0.03441821461121286,-0.035087205
2024-01-18,test,0.007973503115893621,-0.03305337
2024-01-19,test,0.0010229229255180883,-0.032430384
2024-01-20,test,-0.0027065391587210996,-0.03242093
2024-01-21,test,-0.050080075873705,-0.03298086
2024-01-22,test,0.008917402699630372,-0.031615563
2024-01-23,test,0.0049897497196198515,-0.032746956
2024-01-24,test,-0.003402176553519709,-0.033448882
2024-01-25,test,0.045830454381940555,-0.032821037
2024-01-26,test,0.007427839398388869,-0.033776782
2024-01-27,test,-0.002185332484746283,-0.032243602
2024-01-28,test,0.02980249923430911,-0.03183216
2024-01-29,test,-0.008426818142623915,-0.031633534
2024-01-30,test,-0.009233801237723327,-0.03168408
2024-01-31,test,0.012396498262699396,-0.030983618
2024-02-01,test,0.0023846391919288834,-0.02886174
2024-02-02,test,-0.003967643624742223,-0.028803853
2024-02-03,test,-0.010332506732661173,-0.031098397
2024-02-04,test,0.00209137592828057,-0.031120155
2024-02-05,test,0.010218218881789198,-0.031107191
2024-02-06,test,0.028543304678073866,-0.032970488
2024-02-07,test,0.021453198985655675,-0.03089041
2024-02-08,test,0.04013295325162858,-0.031536125
2024-02-09,test,0.012781511165554704,-0.031861477
2024-02-10,test,0.011432697241781753,-0.032874443
2024-02-11,test,0.033089549840010335,-0.032047726
2024-02-12,test,-0.004343463154205196,-0.033512294
2024-02-13,test,0.04200552662341828,-0.033684067
2024-02-14,test,0.001458674495253831,-0.034869783
2024-02-15,test,0.0043872641830056125,-0.036711242
2024-02-16,test,-0.00956234678203316,-0.03840287
2024-02-17,test,0.009389602875019776,-0.041330185
2024-02-18,test,-0.007053667917269024,-0.0421497
2024-02-19,test,0.009426332742281218,-0.042046666
2024-02-20,test,-0.008179308302494803,-0.042801842
2024-02-21,test,-0.011501782740872102,-0.04117009
2024-02-22,test,-0.010031871555565175,-0.04171034
2024-02-23,test,0.01609922405712183,-0.04378108
2024-02-24,test,0.0031045027603511244,-0.045333922
2024-02-25,test,0.05275761001242252,-0.044575214
2024-02-26,test,0.04558763484304684,-0.047126733
2024-02-27,test,0.09106645120217216,-0.048244655
2024-02-28,test,-0.02166442728615081,-0.05031453
2024-02-29,test,0.02034908009570735,-0.05067171
2024-03-01,test,-0.006281064170016393,-0.05245617
2024-03-02,test,0.017711447154979965,-0.0521395
2024-03-03,test,0.07920595940335673,-0.051774386
2024-03-04,test,-0.06902449024522817,-0.05443859
2024-03-05,test,0.03574033913558772,-0.05351709
2024-03-06,test,0.01226419994421768,-0.053546228
2024-03-07,test,0.01998108735296711,-0.056136593
2024-03-08,test,0.002790689419374104,-0.055885192
2024-03-09,test,0.008030171695263988,-0.05653059
2024-03-10,test,0.043634417655647795,-0.05824729
2024-03-11,test,-0.008845571518175888,-0.05853354
2024-03-12,test,0.02294684560643212,-0.05859354
2024-03-13,test,-0.02450592744610347,-0.057741456
2024-03-14,test,-0.026375927349514328,-0.05819537
2024-03-15,test,-0.06313502203602717,-0.05932722
2024-03-16,test,0.04625778992398999,-0.055587918
2024-03-17,test,-0.010747644510496812,-0.055289164
2024-03-18,test,-0.08817939688657361,-0.05496923
2024-03-19,test,0.0918076087658406,-0.055055767
2024-03-20,test,-0.03561254816469983,-0.05715304
2024-03-21,test,-0.025835150088845182,-0.05596717
2024-03-22,test,0.0028838932208028467,-0.05599924
2024-03-23,test,0.04888133723237331,-0.05558914
2024-03-24,test,0.03917997584321853,-0.05661264
2024-03-25,test,0.001460080949863496,-0.056477696
2024-03-26,test,-0.007981775790396384,-0.05757642
2024-03-27,test,0.019470778291365676,-0.055614203
2024-03-28,test,-0.012756371358024765,-0.054958954
2024-03-29,test,-0.003968739813892341,-0.0552644
2024-03-30,test,0.02359007902088628,-0.055073537
2024-03-31,test,-0.02280118347029436,-0.054975443
2024-04-01,test,-0.06243693980335152,-0.053816848
2024-04-02,test,0.00796918316852846,-0.053503763
2024-04-03,test,0.03773030365116803,-0.05352938
2024-04-04,test,-0.009806670002424411,-0.04974766
2024-04-05,test,0.01554948698501235,-0.050022237
2024-04-06,test,0.006226233811389648,-0.050510988
2024-04-07,test,0.03223863985803277,-0.048427977
2024-04-08,test,-0.03560882381619379,-0.048575744
2024-04-09,test,0.02171131581701502,-0.04637557
2024-04-10,test,-0.008720840210441949,-0.04684618
2024-04-11,test,-0.04188311823540225,-0.046528853
2024-04-12,test,-0.0476381830970638,-0.046557512
2024-04-13,test,0.027000953564993324,-0.045031328
2024-04-14,test,-0.03598444196518891,-0.04645372
2024-04-15,test,0.00570078088419379,-0.04619751
2024-04-16,test,-0.04054425070282619,-0.04726342
2024-04-17,test,0.03581491083871846,-0.04692347
2024-04-18,test,0.005253061217786126,-0.04693962
2024-04-19,test,0.01739717852835554,-0.047538135
2024-04-20,test,-0.0002455323326469028,-0.048435334
2024-04-21,test,0.028925767149715398,-0.048586577
2024-04-22,test,-0.006678180156251656,-0.050981693
2024-04-23,test,-0.03303860594067842,-0.05102437
2024-04-24,test,0.003552273569958686,-0.050050966
2024-04-25,test,-0.01157415002447948,-0.05113323
2024-04-26,test,-0.005038999957962531,-0.05104328
2024-04-27,test,-0.004948365021343548,-0.05138408
2024-04-28,test,0.011593482049095272,-0.051804967
2024-04-29,test,-0.051796408371867386,-0.052868295
2024-04-30,test,-0.03964781694023678,-0.052481435
2024-05-01,test,0.01374348062257802,-0.05288756
2024-05-02,test,0.06299811972165159,-0.054716863
2024-05-03,test,0.015611134324423404,-0.05469095
2024-05-04,test,0.001884991708910988,-0.05649694
2024-05-05,test,-0.013542768256254334,-0.057103977
2024-05-06,test,-0.013492290938614815,-0.058995042
2024-05-07,test,-0.018565173584455863,-0.059380352
2024-05-08,test,0.030652633127241202,-0.05859135
2024-05-09,test,-0.03691814063994592,-0.05623614
2024-05-10,test,0.0004467028193033684,-0.054225907
2024-05-11,test,0.01044259542473469,-0.058439355
2024-05-12,test,0.023787677271441154,-0.05698837
2024-05-13,test,-0.02237588776723065,-0.057726845
2024-05-14,test,0.07367054075516322,-0.05819732
2024-05-15,test,-0.015095855104288347,-0.05807528
2024-05-16,test,0.027124417351084062,-0.059583265
2024-05-17,test,-0.0018281682658845,-0.060650326
2024-05-18,test,-0.00994485897896169,-0.05906853
2024-05-19,test,0.07513748238522311,-0.060408324
2024-05-20,test,-0.0182145937578575,-0.059552852
2024-05-21,test,-0.014835309115222017,-0.060203522
2024-05-22,test,-0.01706683902295225,-0.059393138
2024-05-23,test,0.008899725928992908,-0.057194296
2024-05-24,test,0.010764520905134134,-0.060202293
2024-05-25,test,-0.011845811015151142,-0.0599966
2024-05-26,test,0.01298602342587074,-0.061438136
2024-05-27,test,-0.015204515121661544,-0.060119055
2024-05-28,test,-0.011075572501017206,-0.060275868
2024-05-29,test,0.011318510186647757,-0.0593512
2024-05-30,test,-0.012755694430156339,-0.060273096
2024-05-31,test,0.003652299282183691,-0.05927638
2024-06-01,test,0.0002396371170227951,-0.060639136
2024-06-02,test,0.015462212449234514,-0.05988121
2024-06-03,test,0.025139890979064106,-0.059370257
2024-06-04,test,0.008171385099943862,-0.0594363
2024-06-05,test,-0.004897583519385407,-0.06096348
2024-06-06,test,-0.020687803170698515,-0.061865956
2024-06-07,test,-0.00029546577118466644,-0.06214498
2024-06-08,test,0.0048051825153834216,-0.06258345
2024-06-09,test,-0.002014438395208984,-0.0620436
2024-06-10,test,-0.0318882670330769,-0.061351113
2024-06-11,test,0.013751097900410514,-0.059549764
2024-06-12,test,-0.02236967890524255,-0.05794903
2024-06-13,test,-0.011065987163016544,-0.056845047
2024-06-14,test,0.0028383547531500852,-0.0582946
2024-06-15,test,0.006576556361236996,-0.05729626
2024-06-16,test,-0.0022077896702743516,-0.056009673
2024-06-17,test,-0.02019309601901398,-0.05736263
2024-06-18,test,-0.0032131538547535143,-0.057642832
2024-06-19,test,-0.0015858578916567723,-0.056177825
2024-06-20,test,-0.011175574100549923,-0.05430744
2024-06-21,test,0.0017876946178851938,-0.055690117
2024-06-22,test,-0.016696247179696755,-0.055234328
2024-06-23,test,-0.04713382525110177,-0.053822905
2024-06-24,test,0.025018529014673163,-0.053608283
2024-06-25,test,-0.01587275229333507,-0.051809847
2024-06-26,test,0.013047583545111152,-0.050135456
2024-06-27,test,-0.021358204733436637,-0.05111081
2024-06-28,test,0.00944437098674733,-0.050708108
2024-06-29,test,0.02885725611963963,-0.050955467
2024-06-30,test,0.0025796361174670324,-0.051255703
2024-07-01,test,-0.012651851086657118,-0.05140347
2024-07-02,test,-0.031024404690459306,-0.05063931
2024-07-03,test,-0.05296818677704884,-0.05030673
2024-07-04,test,-0.00708490715832788,-0.048253536
2024-07-05,test,0.027948573853100456,-0.047754653
2024-07-06,test,-0.041911204923634315,-0.047399826
2024-07-07,test,0.01502140306815214,-0.046593957
2024-07-08,test,0.02350368491950583,-0.048015177
2024-07-09,test,-0.00579249540654736,-0.047021024
2024-07-10,test,-0.006463458249937659,-0.04706654
2024-07-11,test,0.009861441931757753,-0.0471296
2024-07-12,test,0.022463327451971438,-0.046959646
2024-07-13,test,0.026391607805935635,-0.04536756
2024-07-14,test,0.06291600739099401,-0.045581304
2024-07-15,test,0.00511113687060849,-0.047378972
2024-07-16,test,-0.015532443922289474,-0.047771573
2024-07-17,test,-0.0016077315736211517,-0.046871133
2024-07-18,test,0.04170380437549426,-0.047067605
2024-07-19,test,0.006815819209164076,-0.047849976
2024-07-20,test,0.015035181791340335,-0.04736338
2024-07-21,test,-0.009180295725846221,-0.04920136
2024-07-22,test,-0.024256032693848795,-0.04977008
2024-07-23,test,-0.0087253469731845,-0.050554745
2024-07-24,test,0.006541866070898905,-0.04954161
2024-07-25,test,0.031840379824780385,-0.05162644
2024-07-26,test,-0.0003632655922967132,-0.052506223
2024-07-27,test,0.005066568815854211,-0.053407136
2024-07-28,test,-0.021818320120202017,-0.054093905
2024-07-29,test,-0.009053241989791516,-0.054356135
2024-07-30,test,-0.02385903587358662,-0.054994967
2024-07-31,test,0.01044769306793647,-0.05387024
2024-08-01,test,-0.06110708046704971,-0.055140868
2024-08-02,test,-0.012173330786843906,-0.054047212
2024-08-03,test,-0.0428323736644014,-0.053741787
2024-08-04,test,-0.07317506378440797,-0.05323585
2024-08-05,test,0.036686733326590115,-0.053895894
2024-08-06,test,-0.016187600191974738,-0.0554609
2024-08-07,test,0.11235207081328014,-0.05167811
2024-08-08,test,-0.013763222210124937,-0.04908231
2024-08-09,test,0.001196908280725495,-0.048798908
2024-08-10,test,-0.036985262454644285,-0.049408674
2024-08-11,test,0.0107772580479093,-0.047941588
2024-08-12,test,0.02074748586657371,-0.04601495
2024-08-13,test,-0.032067613459165756,-0.043802537
2024-08-14,test,-0.01973682337508542,-0.041837323
2024-08-15,test,0.023111051070012323,-0.04336343
2024-08-16,test,0.010279980598221883,-0.042904556
2024-08-17,test,-0.017969474842562505,-0.044432417
2024-08-18,test,0.017215881873521965,-0.042707443
2024-08-19,test,-0.007344998753431753,-0.04319156
2024-08-20,test,0.03571147438089284,-0.040638067
2024-08-21,test,-0.012834598410845999,-0.040074997
2024-08-22,test,0.05952475514019895,-0.039820574
2024-08-23,test,0.0014487044536544147,-0.040344767
2024-08-24,test,0.001125891605420648,-0.040394694
2024-08-25,test,-0.022219948847256532,-0.03997746
2024-08-26,test,-0.05563046952384809,-0.037288416
2024-08-27,test,-0.006646575034523039,-0.036308948
2024-08-28,test,0.0053811304294306694,-0.035197638
2024-08-29,test,-0.004248923737064203,-0.036157887
2024-08-30,test,-0.0024457770645049948,-0.035008125
2024-08-31,test,-0.028718026895484527,-0.033684988
2024-09-01,test,0.031621468323772106,-0.03353049
2024-09-02,test,-0.028661752013313446,-0.035100102
2024-09-03,test,0.008699997632852785,-0.034722473
2024-09-04,test,-0.0317947513220016,-0.03858385
2024-09-05,test,-0.040090257121796924,-0.03879956
2024-09-06,test,0.003816987061005861,-0.038259394
2024-09-07,test,0.013294345038666222,-0.039053526
2024-09-08,test,0.03882722589772669,-0.039056882
2024-09-09,test,0.010317312633617348,-0.038302884
2024-09-10,test,-0.005092256651233029,-0.0407908
2024-09-11,test,0.013590091533338011,-0.039869167
2024-09-12,test,0.04054805480406465,-0.04074616
2024-09-13,test,-0.008809263003463741,-0.041208997
2024-09-14,test,-0.014941687144609972,-0.04142002
2024-09-15,test,-0.015573000150519434,-0.039717644
2024-09-16,test,0.035505350049387374,-0.039537907
2024-09-17,test,0.023863497438160408,-0.040708967
2024-09-18,test,0.019097293173649277,-0.03934095
2024-09-19,test,0.0039716046782043435,-0.03938224
2024-09-20,test,0.002402559101696511,-0.034831278
2024-09-21,test,0.00338615925831931,-0.036776006
2024-09-22,test,-0.0037629500549378747,-0.037995797
2024-09-23,test,0.014639346541777343,-0.037688747
2024-09-24,test,-0.01792835709239249,-0.037550956
2024-09-25,test,0.03189967777860936,-0.040063147
2024-09-26,test,0.009342783151980782,-0.038178198
2024-09-27,test,0.0010632901663623073,-0.040605947
2024-09-28,test,-0.0039400928812920455,-0.040412553
2024-09-29,test,-0.03567077219851278,-0.043395247
2024-09-30,test,-0.040479774429911686,-0.043837696
2024-10-01,test,-0.0026128858577294523,-0.041820675
2024-10-02,test,0.0018721937811871925,-0.040924232
2024-10-03,test,0.021911770641022343,-0.04240167
2024-10-04,test,-0.0006350792048603893,-0.0387402
2024-10-05,test,0.012166687339549398,-0.039552204
2024-10-06,test,-0.009768487117082003,-0.03807062
2024-10-07,test,-0.0012589858832594558,-0.038489975
2024-10-08,test,-0.025164102472084338,-0.03904824
2024-10-09,test,-0.0049438362070546304,-0.039011315
2024-10-10,test,0.03647393497103302,-0.040144704
2024-10-11,test,0.01063951025177623,-0.04092671
2024-10-12,test,-0.005429870988267638,-0.041461505
2024-10-13,test,0.04997279359804452,-0.041757654
2024-10-14,test,0.014888094274946084,-0.041718647
2024-10-15,test,0.008195788438701612,-0.041739844
2024-10-16,test,-0.003053240272874902,-0.043353464
2024-10-17,test,0.015074889882516374,-0.042729676
2024-10-18,test,-0.0009120561048128195,-0.04666928
2024-10-19,test,0.009479422897582523,-0.0455015
2024-10-20,test,-0.024476106574820022,-0.04517412
2024-10-21,test,0.0005036881194904197,-0.04600749
2024-10-22,test,-0.011628181199512255,-0.049256302
2024-10-23,test,0.023090275869861898,-0.048605293
2024-10-24,test,-0.023639967313068055,-0.050131887
2024-10-25,test,0.0067085118776830654,-0.049506344
2024-10-26,test,0.013791850315564957,-0.052020438
2024-10-27,test,0.028744173719880806,-0.052502144
2024-10-28,test,0.039260178017972436,-0.051181268
2024-10-29,test,-0.005535313455759194,-0.05336821
2024-10-30,test,-0.029823554233180616,-0.05458436
2024-10-31,test,-0.010461404573636202,-0.059117183
2024-11-01,test,-0.0015609445275579503,-0.05831044
2024-11-02,test,-0.008990255279119452,-0.06239868
2024-11-03,test,-0.01363228114793813,-0.061933413
2024-11-04,test,0.0229366499056205,-0.065543264
2024-11-05,test,0.08646267118523099,-0.06248589
2024-11-06,test,0.003608319865994858,-0.06346777
2024-11-07,test,0.008482493890795695,-0.06560516
2024-11-08,test,0.0019484254852439875,-0.06600227
2024-11-09,test,0.04726273932267233,-0.0657141
2024-11-10,test,0.09868316554496026,-0.06683287
2024-11-11,test,-0.008317631457897434,-0.06794961
2024-11-12,test,0.027542213993932307,-0.070023976
2024-11-13,test,-0.03546843323138482,-0.0727182
2024-11-14,test,0.04168749179122777,-0.07179862
2024-11-15,test,-0.004646486570962338,-0.07014294
2024-11-16,test,-0.008304255946329775,-0.07483093
2024-11-17,test,0.0070242578206247686,-0.073983595
2024-11-18,test,0.020941188201016203,-0.072694294
2024-11-19,test,0.020953183813698928,-0.07222208
2024-11-20,test,0.041969474311185806,-0.072894596
2024-11-21,test,0.0059245666833618316,-0.074794754
2024-11-22,test,-0.012655070142001179,-0.07821016
2024-11-23,test,0.0025475105442911428,-0.07868575
2024-11-24,test,-0.05265538767597633,-0.07731376
2024-11-25,test,-0.011577186624233349,-0.07798016
2024-11-26,test,0.04281721061376231,-0.07868859
2024-11-27,test,-0.0029815791818368353,-0.0758809
2024-11-28,test,0.018897507315747575,-0.07656086
2024-11-29,test,-0.010570950647370125,-0.07506207
2024-11-30,test,0.008235898151689014,-0.076465964
2024-12-01,test,-0.014501558898157185,-0.0760669
2024-12-02,test,0.0006426908014578459,-0.07753491
2024-12-03,test,0.028991694895765363,-0.07745716
2024-12-04,test,-0.01738647314913777,-0.07789334
2024-12-05,test,0.02891624136126758,-0.07833236
2024-12-06,test,0.0003800407681247009,-0.0781615
2024-12-07,test,0.01238845583606718,-0.07934408
2024-12-08,test,-0.03879765065060248,-0.078555964
2024-12-09,test,-0.006846412275434588,-0.07740173
2024-12-10,test,0.04591207744114101,-0.0796944
2024-12-11,test,-0.011644766861909517,-0.07856387
2024-12-12,test,0.013881741965406036,-0.07652467
2024-12-13,test,-0.00028358900413039123,-0.07908016
2024-12-14,test,0.02961404956708158,-0.07836848
2024-12-15,test,0.015693212750072405,-0.07878975
2024-12-16,test,0.0003503633712949039,-0.07768706
2024-12-17,test,-0.058054267074535204,-0.07892033
2024-12-18,test,-0.028135499489330584,-0.07722919
2024-12-19,test,0.004025788115907147,-0.07597152
2024-12-20,test,-0.0054865111656923204,-0.07459032
2024-12-21,test,-0.022279979135229055,-0.07015326
2024-12-22,test,-0.003404649774255475,-0.0732923
2024-12-23,test,0.03961967513999731,-0.07148712
2024-12-24,test,0.007596350071763069,-0.07221705
2024-12-25,test,-0.037712086063665495,-0.07259192
2024-12-26,test,-0.015777709444572352,-0.07180474
2024-12-27,test,0.010131267558085355,-0.07181246
2024-12-28,test,-0.016614249989750363,-0.070437215
2024-12-29,test,-0.010125980220751174,-0.070093706
2024-12-30,test,0.007888308424968571,-0.070054404
2024-12-31,test,0.010966148115544527,-0.069998175
2025-01-01,test,0.02634521559680536,-0.069393426
2025-01-02,test,0.01264702969510978,-0.070056334
2025-01-03,test,0.0007470472425445962,-0.07082927
2025-01-04,test,0.001378544401173798,-0.0692191
2025-01-05,test,0.03922332169734766,-0.07223376
2025-01-06,test,-0.053595726713862035,-0.07109592
2025-01-07,test,-0.01985025898235193,-0.07138311
2025-01-08,test,-0.026541018318440024,-0.06959066
2025-01-09,test,0.02300508260266021,-0.06997908
2025-01-10,test,-0.0014388202805353245,-0.06972172
2025-01-11,test,-0.0005860119747982395,-0.0702266
2025-01-12,test,-3.35421215797993e-05,-0.06909443
2025-01-13,test,0.021237136391452083,-0.06736242
2025-01-14,test,0.04035429083334208,-0.06657374
2025-01-15,test,-0.005271543975894133,-0.06598958
2025-01-16,test,0.04043124700809919,-0.06474596
2025-01-17,test,0.0031456519115256043,-0.06729752
2025-01-18,test,-0.03135613726414377,-0.06983676
2025-01-19,test,0.009188851089513506,-0.07178227
2025-01-20,test,0.03854283725660679,-0.07051663
2025-01-21,test,-0.0237555193599448,-0.070733465
2025-01-22,test,0.002497671384119826,-0.06990823
2025-01-23,test,0.008850761038477373,-0.07343971
2025-01-24,test,-0.0011137310742324047,-0.07544932
2025-01-25,test,-0.0209423574630776,-0.07299032
2025-01-26,test,-0.004892657017657953,-0.07482741
2025-01-27,test,-0.007596897198235197,-0.075848006
2025-01-28,test,0.023969963036714503,-0.075526334
2025-01-29,test,0.009548641068466424,-0.0743164
2025-01-30,test,-0.022509626306240094,-0.07706973
2025-01-31,test,-0.01760736039565458,-0.075190045
2025-02-01,test,-0.029728104469809224,-0.07816724
2025-02-02,test,0.03800540072460379,-0.077468544
2025-02-03,test,-0.03679264109385372,-0.07695851
2025-02-04,test,-0.011898508854878642,-0.07685134
2025-02-05,test,-0.0007630318644338274,-0.07733736
2025-02-06,test,-0.00028523829864468553,-0.076214306
2025-02-07,test,-0.0006303191806917852,-0.077382155
2025-02-08,test,-4.457065424290363e-06,-0.07891376
2025-02-09,test,0.009989654559275252,-0.080161735
2025-02-10,test,-0.017289976864596213,-0.08146419
2025-02-11,test,0.021571654093007098,-0.0799169
2025-02-12,test,-0.012723230589802625,-0.08058973
2025-02-13,test,0.009104480903133094,-0.08354109
2025-02-14,test,0.0009011513686552064,-0.08267873
2025-02-15,test,-0.015249978040493772,-0.08208501
2025-02-16,test,-0.0035234746227157387,-0.08006337
2025-02-17,test,-0.001822464885904651,-0.081288464
2025-02-18,test,0.010660036839674092,-0.08038394
2025-02-19,test,0.017593814919814932,-0.08009479
2025-02-20,test,-0.022521490392286125,-0.080328785
2025-02-21,test,0.004411046632295523,-0.0787856
2025-02-22,test,-0.003278645557783122,-0.07838302
2025-02-23,test,-0.050657768704677864,-0.0788892
2025-02-24,test,-0.032508897332235165,-0.079326
2025-02-25,test,-0.0518016908107537,-0.077146746
2025-02-26,test,0.006085347915862016,-0.075991675
2025-02-27,test,-0.003877039423457518,-0.0760301
2025-02-28,test,0.020210474993552552,-0.07651764
2025-03-01,test,0.09154964487395212,-0.07385218
2025-03-02,test,-0.08989625716152005,-0.07338449
2025-03-03,test,0.012558302917854647,-0.0736827
2025-03-04,test,0.037718279549688205,-0.07140693
2025-03-05,test,-0.007554422402240135,-0.0703063
2025-03-06,test,-0.03583008309190916,-0.07100058
2025-03-07,test,-0.006363091818300859,-0.07031528
2025-03-08,test,-0.06601949465013135,-0.0687647
2025-03-09,test,-0.02706027342272499,-0.06556168
2025-03-10,test,0.0541420601879814,-0.06496766
2025-03-11,test,0.00894407571687239,-0.06571387
2025-03-12,test,-0.03139886547875648,-0.06412421
2025-03-13,test,0.035229222741389066,-0.063565835
2025-03-14,test,0.004407607712849426,-0.06451815
2025-03-15,test,-0.021435687549699267,-0.062285565
2025-03-16,test,0.017396073795948652,-0.06188979
2025-03-17,test,-0.015747895957492375,-0.05937873
2025-03-18,test,0.049299767283782714,-0.0577081
2025-03-19,test,-0.03150638550243556,-0.058434807
2025-03-20,test,-0.0014438437608284005,-0.058824703
2025-03-21,test,-0.0025004481089112573,-0.059277877
2025-03-22,test,0.026373712519779602,-0.060018636
2025-03-23,test,0.0164812893981221,-0.06014406
2025-03-24,test,-0.0010944748636845247,-0.058029458
2025-03-25,test,-0.005756927890622876,-0.058903348
2025-03-26,test,0.0033474725029805086,-0.059135795
2025-03-27,test,-0.03305303100348844,-0.0583132
2025-03-28,test,-0.021138325739141095,-0.058380917
2025-03-29,test,-0.002870966568204736,-0.059467286
2025-03-30,test,0.0018717606060931757,-0.0581402
2025-03-31,test,0.031439396559598265,-0.058478512
2025-04-01,test,-0.031975559709531254,-0.058756873
2025-04-02,test,0.008260722880324423,-0.058917683
2025-04-03,test,0.00821188311558707,-0.059845548
2025-04-04,test,-0.004324976129250757,-0.062035017
2025-04-05,test,-0.06337490254585632,-0.061311986
2025-04-06,test,0.009767791308124885,-0.05820227
2025-04-07,test,-0.03717963886267839,-0.06050752
2025-04-08,test,0.07990719573197502,-0.059680045
2025-04-09,test,-0.037530949371776146,-0.063260615
2025-04-10,test,0.04699893946698985,-0.06254903
2025-04-11,test,0.022420428132186032,-0.06409084
2025-04-12,test,-0.018200536395788447,-0.064945124
2025-04-13,test,0.010186311112537538,-0.06488608
2025-04-14,test,-0.011420635374033594,-0.06645241
2025-04-15,test,0.004758968414071418,-0.06883808
2025-04-16,test,0.011045099437998473,-0.06774003
2025-04-17,test,-0.0058490937255335496,-0.06807252
2025-04-18,test,0.007178451962047916,-0.06919721
2025-04-19,test,0.0012023331760548928,-0.06944549
2025-04-20,test,0.027155554111045532,-0.07010586
2025-04-21,test,0.06595386182812568,-0.07099229
2025-04-22,test,0.002689954867754807,-0.073234364
2025-04-23,test,0.0029935651804748886,-0.072042115
2025-04-24,test,0.007278443307280114,-0.07393147
2025-04-25,test,-0.0004451475114386483,-0.07417706
2025-04-26,test,-0.009403976104923828,-0.076019004
2025-04-27,test,0.013367204796526977,-0.07884082
2025-04-28,test,-0.008150328620155634,-0.0787215
2025-04-29,test,-0.0009397537900106556,-0.07845483
2025-04-30,test,0.024567020865719158,-0.07968465
2025-05-01,test,0.004185273375076903,-0.080428675
2025-05-02,test,-0.011084440289744535,-0.08148167
2025-05-03,test,-0.016712613030316348,-0.08294139
2025-05-04,test,0.004882803703990746,-0.08345436
2025-05-05,test,0.021978702485553114,-0.08460549
2025-05-06,test,0.0022604737515337092,-0.08493093
2025-05-07,test,0.061874997776504514,-0.08577996
2025-05-08,test,-0.0025846544494836365,-0.08760593
2025-05-09,test,0.017653567831660055,-0.08626743
2025-05-10,test,-0.006542652481831723,-0.09067636
2025-05-11,test,-0.012925897802480435,-0.08550397
2025-05-12,test,0.012862902252672725,-0.086245894
2025-05-13,test,-0.005640327354416996,-0.087009296
2025-05-14,test,0.002325259289538195,-0.08995693
2025-05-15,test,-0.0027633274478731096,-0.087679096
2025-05-16,test,-0.0032803493638002834,-0.089123026
2025-05-17,test,0.03160419901894329,-0.08836451
2025-05-18,test,-0.00808417298340558,-0.09052922
2025-05-19,test,0.01192544446792887,-0.09147207
2025-05-20,test,0.026008150317942125,-0.09091271
2025-05-21,test,0.01827321270296345,-0.09186481
2025-05-22,test,-0.04011381988741469,-0.09090372
2025-05-23,test,0.00431752423473597,-0.0927433
2025-05-24,test,0.011572296966827267,-0.09167165
2025-05-25,test,0.003804263373586636,-0.09122536
2025-05-26,test,-0.004448403386870581,-0.08999906
2025-05-27,test,-0.010693663069206494,-0.090542816
2025-05-28,test,-0.021057906488691103,-0.089845546
2025-05-29,test,-0.014688022757892938,-0.09105756
2025-05-30,test,0.005871327524205938,-0.08850823
2025-05-31,test,0.010003420335818802,-0.08829146
2025-06-01,test,0.0019564957341877687,-0.08957561
2025-06-02,test,-0.004325665894109321,-0.08783013
2025-06-03,test,-0.006607407821432432,-0.087551065
2025-06-04,test,-0.030858640549940475,-0.086721085
2025-06-05,test,0.027460237354805628,-0.085529484
2025-06-06,test,0.011628046300375061,-0.08557652
2025-06-07,test,0.001564591847536434,-0.0849216
2025-06-08,test,0.04181129177816523,-0.08734201
2025-06-09,test,-8.25017467143141e-06,-0.08697932
2025-06-10,test,-0.014896132451266197,-0.08844396
2025-06-11,test,-0.02750594810743401,-0.08770946
2025-06-12,test,0.0037542573294633286,-0.08850753
2025-06-13,test,-0.006175152236682635,-0.087068096
2025-06-14,test,0.0012681422990894475,-0.086057484
2025-06-15,test,0.011806345421184972,-0.08744416
2025-06-16,test,-0.02140546273492383,-0.084966205
2025-06-17,test,0.0031040657451448794,-0.084247895
2025-06-18,test,-0.0023255214154325188,-0.0834796
2025-06-19,test,-0.013021021059319793,-0.082123786
2025-06-20,test,-0.011269169549615654,-0.080652945
2025-06-21,test,-0.011450979119203453,-0.080615595
2025-06-22,test,0.04285705876997703,-0.0806738
2025-06-23,test,0.006821813842092794,-0.080863826
2025-06-24,test,0.011793831615682038,-0.07985543
2025-06-25,test,-0.003456425042102751,-0.08185008
2025-06-26,test,0.0007820941748981625,-0.08247158
2025-06-27,test,0.0022271182043596127,-0.084063895
2025-06-28,test,0.009587971102982706,-0.0846242
2025-06-29,test,-0.011256678241538864,-0.08494783
2025-06-30,test,-0.013729976529111454,-0.083620965
2025-07-01,test,0.02960643566566823,-0.08398891
2025-07-02,test,0.006777617543303194,-0.08275382
2025-07-03,test,-0.014704380486476154,-0.082764804
2025-07-04,test,0.002016412639736842,-0.08343625
2025-07-05,test,0.008933282250284336,-0.08416879
2025-07-06,test,-0.008719072237100889,-0.08282909
2025-07-07,test,0.006336224452141437,-0.0835174
2025-07-08,test,0.02111230437155953,-0.08376427
2025-07-09,test,0.041784823937254245,-0.08367475
2025-07-10,test,0.01327734098088662,-0.08382038
2025-07-11,test,-0.000931782743975873,-0.08537984
2025-07-12,test,0.014016592550476048,-0.08616124
2025-07-13,test,0.006133214246210272,-0.08665991
2025-07-14,test,-0.017522945644190102,-0.08751476
2025-07-15,test,0.007612549350207942,-0.08907566
2025-07-16,test,0.0049758172841585235,-0.08989357
2025-07-17,test,-0.010540823946890043,-0.09080191
2025-07-18,test,-0.0009229574522322537,-0.09108959
2025-07-19,test,-0.005113967726870783,-0.093102
2025-07-20,test,0.000989088119565551,-0.09503239
2025-07-21,test,0.021879777902586994,-0.09533364
2025-07-22,test,-0.010182603360281206,-0.09526796
2025-07-23,test,-0.0034855597179088704,-0.094689466
2025-07-24,test,-0.006471818520575212,-0.096402064
2025-07-25,test,0.002855314841401224,-0.09434247
2025-07-26,test,0.012600575714092344,-0.093340434
2025-07-27,test,-0.011745128230128188,-0.09321839
2025-07-28,test,-0.0011626923872736228,-0.09404991
2025-07-29,test,-0.0008757928100227019,-0.09492202
2025-07-30,test,-0.017715336893633804,-0.095930055
2025-07-31,test,-0.021942293679030556,-0.09356189
2025-08-01,test,-0.0062534895645960376,-0.09480464
2025-08-02,test,0.014755967934487302,-0.094219
2025-08-03,test,0.007293867775207019,-0.09468834
2025-08-04,test,-0.008194148957072045,-0.09563007
2025-08-05,test,0.007994045236264569,-0.09444899
2025-08-06,test,0.02138736208614489,-0.0951871
2025-08-07,test,-0.007102528208616121,-0.0961744
2025-08-08,test,-0.0016406473805954391,-0.097075015
2025-08-09,test,0.023892888418233227,-0.09516551
2025-08-10,test,-0.005105064752516597,-0.09457255
2025-08-11,test,0.011819662187333435,-0.09580756
2025-08-12,test,0.026718082607903426,-0.096504994
2025-08-13,test,-0.041170061930897006,-0.094673835
2025-08-14,test,-0.008080806650923478,-0.094425306
2025-08-15,test,0.00015939196766368013,-0.09511634
2025-08-16,test,0.00028023666049925566,-0.095254295
2025-08-17,test,-0.010282098064962497,-0.09359289
2025-08-18,test,-0.029944856203650616,-0.09410485
2025-08-19,test,0.012502221667773483,-0.09414367
2025-08-20,test,-0.0158384798002853,-0.09476117
2025-08-21,test,0.03861502201889877,-0.09476809
2025-08-22,test,-0.013128547610623542,-0.093047895
2025-08-23,test,-0.016655584073527407,-0.09351046
2025-08-24,test,-0.0299680207702977,-0.09351068
2025-08-25,test,0.014963345125259764,-0.09403022
2025-08-26,test,-0.0047955353266662115,-0.0930009
2025-08-27,test,0.011809559179043916,-0.09190883
2025-08-28,test,-0.03799026473883238,-0.09232185
2025-08-29,test,0.004139942033525301,-0.09246189
2025-08-30,test,-0.005343581977466982,-0.09426503
2025-08-31,test,0.009127902319685077,-0.09375499
2025-09-01,test,0.01820907264235494,-0.09277423
2025-09-02,test,0.004560188006639265,-0.09325235
2025-09-03,test,-0.009309965068105441,-0.091890134
2025-09-04,test,-0.00045864596538613966,-0.09022956
2025-09-05,test,-0.004141753243294133,-0.087975584
2025-09-06,test,0.008285950037164369,-0.08783312
2025-09-07,test,0.008449430109015665,-0.08769135
2025-09-08,test,-0.004679782958161738,-0.08821039
2025-09-09,test,0.021590999533477984,-0.08700683
2025-09-10,test,0.013558965880791973,-0.087942064
2025-09-11,test,0.0048870349864920115,-0.08716195
2025-09-12,test,-0.0011865162897546355,-0.08749635
2025-09-13,test,-0.0056573394135597255,-0.08776445
